,Team,Seed,Year,Efficiency Margin,Offensive Efficiency,Defensive Efficiency,Tempo,Luck,Strength of Schedule,Opponent Offense,Opponent Defense,Non-Conference Strength of Schedule
0,Gonzaga,1,2017,32.05,118.4,86.3,70.1,0.02,2.99,106.2,103.2,1.02
1,Villanova,1,2017,29.88,122.4,92.5,64.0,0.01,9.33,109.8,100.4,3.55
2,North Carolina,1,2017,28.22,120.7,92.5,71.2,0.037,12.49,112.0,99.5,3.87
3,Kentucky,2,2017,27.72,119.1,91.4,71.9,0.006,10.98,110.4,99.5,3.74
4,Florida,4,2017,27.5,116.9,89.4,68.9,-0.041,12.46,110.2,97.7,8.19
5,Kansas,1,2017,27.45,122.0,94.5,70.2,0.067,12.43,111.2,98.7,2.39
6,West Virginia,4,2017,27.17,116.5,89.4,69.9,-0.043,10.84,110.0,99.2,-7.97
7,Wichita St.,10,2017,26.14,118.7,92.6,67.9,-0.021,1.5,105.0,103.5,-0.32
8,Louisville,2,2017,25.51,117.2,91.7,67.9,-0.023,11.14,111.6,100.4,4.2
9,Oregon,3,2017,25.02,118.2,93.2,67.0,0.034,8.05,109.2,101.1,0.51
10,SMU,6,2017,24.74,119.8,95.0,63.4,0.003,3.25,105.3,102.0,-0.92
11,Virginia,5,2017,24.29,112.2,87.9,59.1,-0.03,11.68,111.4,99.7,2.29
12,Baylor,3,2017,24.23,117.1,92.9,63.6,0.023,13.08,111.6,98.5,1.67
13,Duke,2,2017,24.17,121.0,96.9,68.2,0.014,11.43,111.0,99.5,0.03
14,Saint Mary's,7,2017,23.66,118.7,95.0,60.2,0.03,0.42,104.3,103.9,-4.12
15,UCLA,3,2017,23.63,124.0,100.4,72.5,0.021,5.18,107.9,102.7,-4.66
16,Iowa St.,5,2017,23.45,119.7,96.3,68.3,-0.019,14.05,112.6,98.5,-0.74
17,Arizona,2,2017,23.31,118.4,95.1,66.0,0.046,7.13,108.6,101.5,1.69
18,Purdue,4,2017,23.12,116.9,93.8,69.1,0.016,9.0,109.6,100.6,-2.37
19,Michigan,7,2017,23.05,122.3,99.3,63.0,-0.025,10.76,110.3,99.5,-0.53
20,Wisconsin,8,2017,22.99,115.1,92.1,63.4,-0.003,10.0,110.5,100.5,-1.29
21,Oklahoma St.,10,2017,22.47,126.0,103.5,70.3,-0.071,14.42,112.0,97.5,3.07
22,Cincinnati,6,2017,22.18,115.0,92.8,63.5,0.026,4.17,107.1,102.9,-0.47
23,South Carolina,7,2017,20.81,108.9,88.1,68.6,-0.005,10.63,110.1,99.5,1.93
24,Butler,4,2017,20.76,117.7,97.0,65.8,0.002,10.81,110.8,99.9,5.13
25,Florida St.,3,2017,20.06,115.5,95.4,71.2,0.039,8.82,110.6,101.8,-3.95
26,Notre Dame,5,2017,19.74,118.1,98.4,67.0,0.024,10.24,110.0,99.8,-3.84
27,Creighton,6,2017,18.83,115.3,96.5,71.1,0.004,8.97,110.2,101.3,-1.23
28,Kansas St.,11,2017,17.44,113.0,95.6,66.2,-0.029,11.56,110.6,99.0,-5.3
29,Xavier,11,2017,16.7,115.8,99.1,67.1,0.044,11.73,111.2,99.5,5.32
30,Marquette,10,2017,16.58,120.8,104.2,70.0,-0.058,9.03,109.1,100.0,-2.16
31,Vanderbilt,9,2017,16.53,112.4,95.9,65.7,-0.048,11.43,110.1,98.7,6.3
32,Rhode Island,11,2017,16.27,111.5,95.2,66.3,-0.033,4.27,106.8,102.5,1.62
33,Arkansas,8,2017,16.25,116.1,99.8,69.7,0.086,8.37,108.5,100.2,-1.55
34,Wake Forest,11,2017,16.25,120.9,104.6,70.6,-0.043,10.54,111.1,100.5,4.51
35,Minnesota,5,2017,16.0,109.7,93.7,69.4,0.022,8.09,108.9,100.8,-1.82
36,Northwestern,8,2017,15.82,111.3,95.5,65.5,0.019,8.32,108.9,100.6,-3.23
37,Dayton,7,2017,15.57,111.9,96.3,68.4,-0.021,3.64,105.9,102.2,2.53
38,Michigan St.,9,2017,15.51,111.4,95.9,66.8,-0.011,10.99,110.5,99.5,4.01
39,Miami FL,8,2017,15.03,109.9,94.8,63.0,0.031,9.39,110.6,101.3,-4.48
40,Middle Tennessee,12,2017,14.95,112.2,97.3,64.6,0.011,-0.93,104.4,105.3,3.86
41,Maryland,6,2017,14.33,113.1,98.8,67.1,0.061,7.74,108.3,100.5,-1.1
42,VCU,10,2017,14.07,110.1,96.0,68.7,0.026,3.65,105.8,102.1,0.91
43,Virginia Tech,9,2017,13.8,117.4,103.6,68.4,0.053,8.24,109.9,101.7,-7.98
44,Seton Hall,9,2017,13.64,109.5,95.8,67.5,0.058,9.65,110.2,100.5,-2.1
45,USC,11,2017,13.46,114.2,100.7,68.7,0.079,5.49,108.7,103.2,-3.37
46,Nevada,12,2017,13.31,114.7,101.3,69.7,0.055,1.29,104.5,103.2,-1.12
47,Princeton,12,2017,12.61,109.1,96.4,63.1,0.007,-1.08,103.9,104.9,2.18
48,UNC Wilmington,12,2017,12.46,118.0,105.6,70.3,0.039,0.4,105.1,104.7,2.17
49,Providence,11,2017,12.43,108.5,96.1,66.1,0.014,7.9,109.1,101.2,-4.48
50,Vermont,13,2017,11.67,111.0,99.4,64.4,0.053,-4.42,103.0,107.4,1.65
51,East Tennessee St.,13,2017,11.1,108.0,96.9,70.1,0.005,-1.17,105.4,106.5,0.38
52,Bucknell,13,2017,9.38,109.7,100.3,69.9,0.006,-3.61,101.3,104.9,0.9
53,New Mexico St.,14,2017,7.89,110.5,102.6,67.9,0.063,-4.52,101.0,105.5,-4.82
54,Florida Gulf Coast,14,2017,5.06,109.4,104.3,65.8,0.037,-4.8,103.7,108.5,2.14
55,Winthrop,13,2017,4.52,106.1,101.6,71.1,0.029,-7.14,100.7,107.8,1.93
56,Iona,14,2017,4.2,110.8,106.6,70.6,0.013,-1.94,103.7,105.6,-0.05
57,Troy,15,2017,2.04,109.7,107.7,68.1,-0.023,-2.86,102.4,105.2,-6.78
58,Northern Kentucky,15,2017,1.91,106.8,104.9,68.0,0.073,-3.35,102.9,106.2,-2.56
59,Kent St.,14,2017,1.68,104.9,103.2,68.3,0.024,-1.93,104.3,106.2,-5.91
60,Jacksonville St.,15,2017,0.63,105.9,105.2,63.5,0.028,-1.68,104.2,105.8,0.61
61,North Carolina Central,16,2017,0.37,102.3,101.9,66.6,-0.055,-12.43,97.6,110.1,-0.66
62,North Dakota,15,2017,0.03,103.6,103.6,71.5,0.048,-5.66,102.9,108.6,3.23
63,New Orleans,16,2017,-0.52,101.2,101.8,66.1,0.046,-5.29,102.3,107.6,8.32
64,South Dakota St.,16,2017,-1.19,110.2,111.4,67.1,0.029,-0.59,104.9,105.4,1.66
65,Mount St. Mary's,16,2017,-3.85,99.6,103.4,66.8,0.074,-4.48,101.9,106.4,11.52
66,Texas Southern,16,2017,-4.04,103.5,107.5,68.6,0.125,-8.49,100.2,108.6,12.68
67,UC Davis,16,2017,-4.41,97.8,102.2,68.9,0.131,-5.31,100.8,106.1,-0.95
0,Villanova,2,2016,32.01,121.7,89.7,67.2,0.023,10.67,109.6,98.9,5.28
1,North Carolina,1,2016,29.8,123.3,93.5,70.5,-0.055,11.64,111.0,99.4,5.11
2,Virginia,1,2016,29.66,119.5,89.9,62.3,-0.04,13.15,111.6,98.5,6.83
3,Kansas,1,2016,29.64,119.0,89.3,69.4,0.044,13.31,111.0,97.7,6.52
4,Michigan St.,2,2016,27.93,122.3,94.4,67.2,-0.012,7.87,107.1,99.2,2.45
5,Kentucky,4,2016,25.12,120.6,95.5,68.2,-0.046,9.34,108.4,99.0,6.23
6,West Virginia,3,2016,24.44,114.2,89.8,70.3,0.004,11.6,110.3,98.7,2.69
7,Purdue,5,2016,23.87,115.8,92.0,68.1,-0.046,8.61,109.0,100.3,1.1
8,Oklahoma,2,2016,23.79,116.8,93.0,70.6,0.082,13.34,111.0,97.6,3.64
9,Indiana,5,2016,23.02,120.6,97.6,69.1,0.0,7.49,108.6,101.1,0.14
10,Oregon,1,2016,22.63,117.9,95.3,69.1,0.041,9.74,108.6,98.9,3.33
11,Wichita St.,11,2016,22.55,110.2,87.6,66.5,-0.079,3.9,104.2,100.3,7.51
12,Xavier,2,2016,22.53,116.1,93.5,72.5,0.047,8.79,107.7,99.0,3.91
13,Miami FL,3,2016,22.44,118.3,95.9,66.3,0.077,12.55,111.3,98.7,5.04
14,Duke,4,2016,21.87,120.8,98.9,68.5,-0.026,12.55,111.9,99.3,7.42
15,Texas A&M;,3,2016,21.27,112.7,91.4,68.1,0.007,9.41,109.3,99.9,6.5
16,Arizona,6,2016,20.95,115.7,94.7,69.5,-0.038,7.81,107.8,100.0,0.13
17,Iowa St.,4,2016,20.93,120.1,99.2,71.5,-0.062,12.54,109.7,97.2,4.54
18,Gonzaga,11,2016,20.84,115.2,94.4,68.1,-0.038,3.88,106.7,102.8,7.74
19,Iowa,7,2016,20.25,115.0,94.8,69.3,-0.071,9.69,109.8,100.1,3.24
20,Maryland,5,2016,20.25,115.1,94.8,67.9,0.017,9.55,108.9,99.3,1.74
21,Baylor,5,2016,19.04,117.8,98.7,67.3,-0.012,12.35,109.5,97.2,1.62
22,Vanderbilt,11,2016,18.8,112.6,93.8,68.8,-0.105,9.23,108.8,99.5,5.95
23,Connecticut,9,2016,18.71,110.8,92.1,66.7,-0.036,7.0,107.2,100.2,2.39
24,Syracuse,10,2016,18.56,111.6,93.0,65.8,-0.027,11.25,110.6,99.4,1.95
25,California,4,2016,18.32,111.4,93.1,68.3,-0.053,8.69,109.2,100.5,0.84
26,Seton Hall,6,2016,18.28,110.0,91.7,70.7,0.016,9.27,108.1,98.9,-0.5
27,Butler,9,2016,17.31,116.9,99.6,68.8,-0.008,8.78,108.1,99.3,-0.91
28,VCU,10,2016,17.09,110.9,93.9,70.4,-0.07,4.59,106.9,102.4,3.46
29,Cincinnati,9,2016,17.06,110.0,93.0,65.0,-0.067,5.85,106.8,101.0,1.1
30,Utah,3,2016,16.78,114.4,97.6,66.5,0.112,10.45,109.4,98.9,4.86
31,Pittsburgh,10,2016,16.62,113.8,97.2,66.1,-0.011,10.48,110.7,100.2,-2.47
32,Notre Dame,6,2016,16.58,119.5,102.9,65.4,0.055,11.41,110.8,99.4,1.28
33,Wisconsin,7,2016,16.52,109.0,92.4,64.3,-0.022,10.72,110.1,99.4,5.05
34,Texas,6,2016,16.18,111.9,95.7,66.5,0.022,13.52,111.2,97.7,8.09
35,Stephen F. Austin,14,2016,15.64,111.1,95.5,68.3,0.008,-6.38,101.8,108.1,2.74
36,Saint Joseph's,8,2016,15.35,113.1,97.7,70.7,0.031,5.14,106.5,101.3,3.6
37,Providence,9,2016,14.5,108.9,94.4,69.4,0.063,9.44,109.0,99.6,-0.39
38,Yale,12,2016,14.35,109.3,94.9,66.9,0.027,-1.49,104.4,105.9,-2.34
39,USC,8,2016,14.24,112.9,98.6,72.0,-0.028,8.62,108.4,99.8,1.77
40,Michigan,11,2016,14.16,113.6,99.4,66.5,0.013,9.26,109.5,100.2,0.29
41,Texas Tech,8,2016,13.77,112.0,98.3,66.8,0.029,11.89,110.3,98.4,4.03
42,Arkansas Little Rock,12,2016,13.21,108.2,95.0,64.4,0.056,-1.66,103.0,104.7,-3.48
43,Colorado,8,2016,12.89,107.7,94.8,70.3,0.015,8.06,109.1,101.0,-0.17
44,Dayton,7,2016,12.63,105.5,92.9,68.9,0.082,5.05,107.2,102.1,6.17
45,Hawaii,13,2016,12.16,107.1,95.0,71.4,0.013,-1.02,102.4,103.5,-4.18
46,Oregon St.,7,2016,11.62,109.6,97.9,68.2,0.043,10.27,109.4,99.1,2.71
47,Tulsa,11,2016,11.5,110.0,98.5,69.2,-0.003,5.91,106.4,100.5,2.54
48,Northern Iowa,11,2016,11.15,108.5,97.3,64.2,0.013,4.28,105.1,100.8,6.47
49,South Dakota St.,12,2016,9.59,110.3,100.7,68.7,0.005,-0.73,103.5,104.3,-0.13
50,UNC Wilmington,13,2016,9.19,109.6,100.4,70.9,0.034,0.63,104.9,104.2,-4.35
51,Temple,10,2016,8.82,105.9,97.0,66.6,0.095,6.55,107.2,100.6,4.44
52,Stony Brook,13,2016,8.14,106.1,98.0,67.9,0.049,-6.11,102.3,108.4,2.21
53,Iona,13,2016,7.12,109.4,102.3,72.6,-0.005,-2.06,102.8,104.8,4.68
54,Fresno St.,14,2016,6.61,106.3,99.7,69.9,0.085,2.0,104.8,102.7,-0.84
55,Chattanooga,12,2016,6.54,106.3,99.8,67.3,0.132,-3.45,103.6,107.0,-1.0
56,Cal St. Bakersfield,15,2016,6.24,102.9,96.7,68.2,-0.002,-6.85,99.6,106.5,-4.1
57,Middle Tennessee,15,2016,4.71,103.5,98.8,68.7,0.088,-0.89,104.6,105.5,1.8
58,Green Bay,14,2016,3.73,107.2,103.5,76.3,0.057,-0.48,103.3,103.8,0.18
59,UNC Asheville,15,2016,3.41,102.4,99.0,70.8,-0.008,-4.17,102.6,106.8,2.44
60,Buffalo,14,2016,2.96,104.8,101.8,72.6,0.044,1.11,105.9,104.8,2.46
61,Weber St.,15,2016,2.46,102.3,99.8,68.2,0.02,-6.1,102.4,108.5,0.43
62,Florida Gulf Coast,16,2016,-0.11,102.4,102.5,68.6,-0.038,-5.05,103.8,108.8,-0.24
63,Austin Peay,16,2016,-5.1,103.3,108.4,70.4,0.06,-3.61,104.0,107.6,-1.36
64,Southern,16,2016,-5.75,99.4,105.1,69.7,0.04,-9.5,97.9,107.4,0.26
65,Hampton,16,2016,-7.41,98.6,106.0,72.0,0.157,-10.56,97.8,108.3,-0.22
66,Fairleigh Dickinson,16,2016,-10.65,103.3,114.0,72.0,0.097,-9.69,97.8,107.5,-1.8
67,Holy Cross,16,2016,-11.4,96.0,107.4,64.9,0.064,-6.94,100.8,107.7,-6.46
0,Kentucky,1,2015,36.9,119.4,82.5,63.0,0.048,9.86,107.9,98.0,7.48
1,Wisconsin,1,2015,33.7,127.0,93.3,59.4,0.015,11.0,108.2,97.2,6.74
2,Duke,1,2015,32.46,122.5,90.0,66.1,0.068,11.25,109.1,97.8,3.87
3,Arizona,2,2015,32.4,117.9,85.5,66.0,-0.032,8.04,107.1,99.1,2.49
4,Villanova,1,2015,30.65,120.6,89.9,64.9,0.031,8.41,107.1,98.7,2.28
5,Virginia,2,2015,30.08,113.6,83.5,58.9,0.023,8.79,107.4,98.6,2.7
6,Gonzaga,2,2015,27.76,119.7,92.0,65.4,0.019,5.11,106.2,101.1,5.79
7,Utah,5,2015,27.26,114.5,87.2,61.8,-0.053,8.42,107.5,99.0,2.67
8,Notre Dame,3,2015,24.95,123.4,98.5,63.9,0.062,8.56,106.7,98.2,-6.7
9,North Carolina,4,2015,23.85,117.1,93.2,69.2,-0.026,13.55,110.1,96.5,9.89
10,Oklahoma,3,2015,22.76,110.4,87.7,67.0,-0.044,11.3,108.9,97.6,2.84
11,Kansas,2,2015,22.7,112.5,89.8,67.2,0.071,14.01,109.6,95.6,11.45
12,Wichita St.,7,2015,22.16,113.7,91.6,62.8,0.022,3.62,104.2,100.6,4.82
13,Baylor,3,2015,22.11,114.5,92.4,62.3,-0.035,11.04,107.8,96.8,2.71
14,Michigan St.,7,2015,21.7,114.5,92.8,63.2,-0.017,11.2,109.3,98.1,1.93
15,Iowa St.,3,2015,21.45,116.9,95.5,69.9,0.006,11.27,107.9,96.6,1.73
16,Louisville,4,2015,21.22,108.2,86.9,65.1,0.027,10.45,108.4,98.0,1.33
17,Northern Iowa,5,2015,20.91,114.1,93.2,58.5,0.018,1.91,103.2,101.2,2.28
18,Ohio St.,10,2015,20.77,113.6,92.8,65.6,-0.042,8.25,107.4,99.1,-2.01
19,Butler,6,2015,20.09,108.1,88.0,63.9,-0.022,10.24,109.4,99.1,2.77
20,Xavier,6,2015,19.48,114.6,95.1,65.4,-0.062,10.84,108.3,97.5,3.77
21,Georgetown,4,2015,19.1,112.1,93.0,64.5,-0.0,11.29,109.6,98.3,7.14
22,Iowa,7,2015,19.02,112.0,93.0,64.2,-0.007,9.65,108.0,98.4,2.59
23,Texas,11,2015,18.9,110.3,91.4,62.6,-0.079,10.67,107.5,96.8,1.58
24,West Virginia,5,2015,17.62,110.5,92.8,68.4,0.087,10.5,107.9,97.4,-0.33
25,SMU,6,2015,17.5,111.0,93.5,63.4,-0.004,3.37,104.2,100.9,4.37
26,Providence,6,2015,16.72,110.5,93.8,65.8,0.039,10.99,108.6,97.6,5.33
27,BYU,11,2015,16.67,117.2,100.5,70.6,-0.055,4.59,105.8,101.2,5.88
28,Arkansas,5,2015,16.42,112.7,96.2,69.7,0.045,7.13,106.3,99.2,0.26
29,VCU,7,2015,16.27,109.0,92.8,66.6,0.044,7.11,106.6,99.5,10.14
30,San Diego St.,8,2015,15.93,102.8,86.9,61.1,0.026,4.3,105.0,100.7,5.92
31,North Carolina St.,8,2015,15.93,112.8,96.8,64.5,-0.003,11.3,108.6,97.3,4.17
32,Maryland,4,2015,15.72,109.3,93.5,64.5,0.128,8.39,107.4,99.0,1.07
33,Georgia,10,2015,15.09,107.4,92.3,64.7,0.001,9.19,107.4,98.2,3.32
34,Davidson,10,2015,14.97,117.6,102.7,67.1,0.056,3.17,103.9,100.7,-3.07
35,Oklahoma St.,9,2015,14.89,109.6,94.7,63.9,-0.045,10.85,107.0,96.2,0.18
36,UCLA,11,2015,14.68,110.8,96.1,66.6,0.032,9.25,106.9,97.6,5.69
37,Dayton,11,2015,14.23,107.2,93.0,64.3,0.022,4.32,104.4,100.1,2.57
38,Cincinnati,8,2015,14.14,106.0,91.9,60.0,-0.015,4.4,103.9,99.5,5.12
39,Purdue,9,2015,13.96,108.8,94.9,64.9,-0.006,8.55,108.1,99.6,0.62
40,Oregon,8,2015,13.91,113.1,99.2,67.1,0.119,8.39,107.5,99.1,1.77
41,Mississippi,11,2015,13.88,112.5,98.6,66.9,-0.032,7.95,106.3,98.3,1.13
42,Boise St.,11,2015,13.82,109.7,95.9,63.1,0.009,0.84,103.3,102.5,-0.05
43,Indiana,10,2015,13.81,117.7,103.9,66.8,-0.043,8.45,107.1,98.7,-1.11
44,LSU,9,2015,13.77,106.7,93.0,69.4,-0.043,5.83,105.2,99.3,-1.88
45,St. John's,9,2015,13.68,108.6,94.9,67.4,0.05,10.31,108.3,98.0,2.85
46,Stephen F. Austin,12,2015,13.66,111.7,98.1,66.2,0.021,-5.32,100.9,106.2,1.14
47,Buffalo,12,2015,11.84,109.2,97.3,68.7,0.001,1.54,104.5,102.9,-0.09
48,Valparaiso,13,2015,11.14,105.3,94.2,62.8,0.053,-1.89,102.8,104.7,-4.2
49,Georgia St.,14,2015,10.32,109.4,99.1,63.2,-0.003,-2.19,100.6,102.8,1.06
50,Harvard,13,2015,9.27,102.8,93.6,61.7,0.092,-0.33,102.7,103.0,0.14
51,UC Irvine,13,2015,7.1,104.2,97.1,64.2,-0.022,0.35,102.9,102.6,0.72
52,Wofford,12,2015,6.7,103.0,96.3,61.6,0.123,-4.32,102.4,106.7,5.11
53,New Mexico St.,15,2015,6.6,105.2,98.6,63.0,-0.042,-5.13,99.7,104.9,2.04
54,Wyoming,12,2015,5.67,102.7,97.1,59.5,0.084,-0.13,102.0,102.1,-6.85
55,Northeastern,14,2015,5.11,106.1,101.0,63.8,0.025,-1.79,102.7,104.5,0.4
56,Albany,14,2015,3.31,105.1,101.8,61.5,0.054,-5.87,98.7,104.6,-2.22
57,Eastern Washington,13,2015,3.27,110.9,107.6,68.5,0.067,-4.58,102.4,107.0,1.16
58,UAB,14,2015,3.06,102.9,99.8,65.4,0.025,1.38,103.0,101.6,6.02
59,Coastal Carolina,16,2015,2.37,104.7,102.3,64.8,0.006,-6.56,100.6,107.2,-4.66
60,Belmont,15,2015,2.29,108.1,105.8,67.2,0.066,-3.12,101.0,104.1,-2.29
61,North Florida,16,2015,2.25,106.3,104.1,67.7,-0.021,-7.94,99.1,107.1,-1.6
62,North Dakota St.,15,2015,1.38,101.7,100.3,61.5,0.105,-4.45,101.2,105.7,-5.7
63,Manhattan,16,2015,0.32,99.8,99.5,68.3,-0.001,-4.12,100.3,104.4,-2.64
64,Robert Morris,16,2015,-1.42,101.0,102.4,66.3,0.055,-4.46,101.3,105.7,2.13
65,Lafayette,16,2015,-2.1,110.9,113.0,65.1,0.096,-3.99,101.5,105.5,-1.04
66,Texas Southern,15,2015,-3.86,101.9,105.8,64.2,0.129,-7.95,98.0,105.9,9.56
67,Hampton,16,2015,-7.37,94.6,102.0,69.5,0.03,-7.92,97.8,105.7,-3.16
0,Louisville,4,2014,30.4,118.3,87.9,68.9,-0.044,5.24,107.1,101.9,-1.38
1,Arizona,1,2014,30.12,115.9,85.8,64.4,0.014,10.38,110.0,99.6,5.62
2,Florida,1,2014,28.55,116.0,87.4,62.9,0.053,9.96,109.5,99.5,5.64
3,Virginia,1,2014,26.45,114.1,87.7,61.2,0.013,9.38,109.4,100.0,4.12
4,Wisconsin,2,2014,25.83,121.4,95.6,63.9,0.019,12.08,110.2,98.1,6.15
5,Wichita St.,1,2014,25.36,117.1,91.8,64.9,-0.009,1.68,105.8,104.1,4.84
6,Kansas,2,2014,24.55,118.7,94.1,68.5,-0.05,13.04,112.2,99.2,11.58
7,Duke,3,2014,24.22,124.1,99.9,65.9,-0.035,10.01,109.5,99.4,6.25
8,Michigan St.,4,2014,23.92,118.0,94.1,66.0,-0.003,11.19,110.1,99.0,3.26
9,Tennessee,11,2014,23.67,117.3,93.6,63.2,-0.098,8.83,108.9,100.0,4.08
10,Villanova,2,2014,23.63,115.7,92.1,67.8,0.075,8.03,110.0,101.9,4.52
11,Michigan,2,2014,23.44,123.3,99.9,62.9,0.048,11.95,110.0,98.1,2.55
12,Kentucky,8,2014,22.57,117.8,95.3,65.7,-0.025,11.29,110.4,99.1,7.72
13,UCLA,4,2014,22.52,118.1,95.6,69.9,-0.019,8.54,109.2,100.6,0.46
14,Connecticut,7,2014,22.11,113.0,90.9,65.2,0.08,9.71,109.4,99.7,3.98
15,Pittsburgh,9,2014,21.88,116.3,94.4,63.4,-0.038,8.89,108.2,99.3,0.77
16,Creighton,3,2014,21.69,123.6,102.0,65.2,0.024,8.1,108.3,100.2,3.47
17,Syracuse,3,2014,21.59,114.0,92.5,61.1,0.017,8.59,109.7,101.1,2.97
18,Ohio St.,6,2014,21.31,108.6,87.3,65.8,-0.043,9.42,109.6,100.1,1.37
19,Iowa St.,3,2014,21.05,118.3,97.2,71.7,0.064,11.41,111.1,99.6,3.88
20,Oklahoma St.,9,2014,20.93,115.4,94.4,69.0,-0.109,9.87,109.8,100.0,1.29
21,Iowa,11,2014,20.41,119.6,99.2,69.9,-0.116,9.22,108.6,99.4,-2.65
22,San Diego St.,4,2014,20.37,109.8,89.4,63.8,0.068,5.2,107.6,102.4,3.98
23,Gonzaga,8,2014,20.14,113.4,93.3,67.0,0.016,5.59,108.8,103.2,4.3
24,VCU,5,2014,19.8,108.6,88.8,70.2,-0.058,6.2,107.4,101.2,3.31
25,Baylor,6,2014,19.34,118.3,98.9,63.6,0.012,11.55,111.2,99.6,4.27
26,Cincinnati,5,2014,19.24,109.0,89.8,63.0,0.036,6.11,107.6,101.5,0.24
27,Oregon,7,2014,19.0,118.3,99.3,69.7,-0.037,8.67,109.4,100.7,2.89
28,North Carolina,6,2014,18.44,112.1,93.6,70.9,0.001,9.88,110.6,100.7,4.45
29,Oklahoma,5,2014,17.85,117.3,99.4,71.1,-0.022,10.08,110.2,100.1,3.09
30,Harvard,12,2014,17.58,112.2,94.7,65.4,0.02,-0.41,103.8,104.2,-0.02
31,New Mexico,7,2014,17.17,112.9,95.7,66.0,0.033,5.46,107.6,102.1,5.36
32,Stanford,10,2014,16.04,111.8,95.8,67.0,0.016,10.08,110.1,100.0,4.99
33,Saint Louis,5,2014,15.71,105.2,89.5,67.4,0.04,5.55,107.1,101.5,-0.09
34,Memphis,8,2014,15.21,111.8,96.5,69.3,0.048,8.08,108.3,100.2,3.02
35,Arizona St.,10,2014,14.85,110.6,95.8,68.9,0.003,8.37,108.6,100.3,-0.06
36,Texas,7,2014,14.51,111.2,96.7,68.6,0.093,10.55,111.0,100.4,1.33
37,Dayton,11,2014,14.24,113.2,99.0,65.5,0.038,6.91,107.6,100.7,1.74
38,Kansas St.,9,2014,14.06,107.2,93.1,65.5,0.002,9.71,110.8,101.1,-0.2
39,Providence,11,2014,13.79,113.9,100.2,64.9,0.052,8.82,109.0,100.2,3.13
40,BYU,10,2014,13.77,113.9,100.1,72.8,-0.003,6.58,109.2,102.6,8.44
41,George Washington,9,2014,13.76,110.2,96.5,67.6,0.057,5.99,107.1,101.1,1.45
42,Massachusetts,6,2014,13.44,109.4,95.9,71.8,0.065,7.47,107.6,100.1,6.05
43,Xavier,12,2014,13.08,112.2,99.1,65.9,0.018,8.95,109.2,100.3,3.54
44,Saint Joseph's,10,2014,12.91,111.7,98.8,66.0,0.079,6.67,107.3,100.6,1.58
45,Nebraska,11,2014,12.65,108.2,95.5,65.9,0.047,10.0,108.3,98.3,1.09
46,North Dakota St.,12,2014,11.75,114.9,103.1,64.1,0.089,0.33,105.8,105.5,2.96
47,North Carolina St.,12,2014,11.57,113.4,101.8,65.8,0.065,8.92,108.6,99.7,-0.16
48,Colorado,8,2014,11.21,107.0,95.8,66.7,0.12,9.78,109.6,99.8,4.55
49,Stephen F. Austin,12,2014,10.85,111.7,100.9,63.8,0.073,-7.82,101.3,109.1,-5.96
50,New Mexico St.,13,2014,10.57,112.3,101.7,66.9,-0.029,-3.78,102.5,106.3,1.98
51,Manhattan,13,2014,10.18,106.6,96.4,69.6,-0.008,-0.93,104.8,105.7,1.22
52,Tulsa,13,2014,8.92,105.5,96.6,68.7,-0.023,0.68,104.6,103.9,3.13
53,Mercer,14,2014,8.38,110.2,101.8,65.5,0.022,-4.63,103.1,107.7,3.32
54,North Carolina Central,14,2014,7.98,108.1,100.1,64.3,0.041,-10.8,97.5,108.3,-3.58
55,Delaware,13,2014,5.84,111.4,105.6,71.5,0.064,-1.47,104.4,105.9,0.85
56,Louisiana Lafayette,14,2014,5.19,109.7,104.5,70.4,0.038,-0.91,104.4,105.3,3.39
57,American,15,2014,4.56,102.8,98.3,61.5,0.008,-3.32,102.8,106.1,-3.27
58,Eastern Kentucky,15,2014,3.95,111.7,107.8,66.6,0.037,-5.17,103.5,108.7,-5.13
59,Western Michigan,14,2014,3.35,105.7,102.4,66.7,0.098,-1.87,103.5,105.3,-3.09
60,Milwaukee,15,2014,0.11,104.1,104.0,67.6,0.118,-0.54,103.7,104.2,-4.04
61,Weber St.,16,2014,-0.57,105.8,106.4,64.7,-0.008,-6.58,103.0,109.5,4.36
62,Cal Poly,16,2014,-0.77,103.0,103.8,61.0,-0.044,1.53,106.6,105.0,7.3
63,Albany,16,2014,-1.02,102.2,103.3,63.6,0.003,-5.98,100.7,106.7,-1.5
64,Wofford,15,2014,-1.95,100.0,101.9,62.3,0.025,-6.96,102.5,109.5,3.72
65,Mount St. Mary's,16,2014,-3.96,107.2,111.2,69.8,0.03,-4.95,102.0,107.0,1.18
66,Coastal Carolina,16,2014,-5.0,97.6,102.6,67.8,0.04,-7.2,102.1,109.3,-3.97
67,Texas Southern,16,2014,-7.48,106.0,113.5,67.3,-0.004,-11.84,96.9,108.7,-1.23
0,Louisville,1,2013,32.9,116.0,83.1,66.8,-0.016,10.43,106.1,95.7,4.3
1,Florida,3,2013,31.18,115.5,84.3,63.4,-0.089,7.39,104.5,97.2,5.64
2,Indiana,1,2013,29.28,119.0,89.8,67.1,-0.021,10.24,106.1,95.8,-0.55
3,Michigan,4,2013,27.8,120.2,92.4,65.1,-0.006,11.39,107.1,95.7,0.24
4,Gonzaga,1,2013,27.79,118.6,90.9,64.5,0.026,5.03,104.4,99.4,6.74
5,Duke,2,2013,26.95,117.3,90.4,68.2,0.033,10.85,107.6,96.7,9.73
6,Ohio St.,2,2013,25.4,113.4,88.0,64.6,0.02,11.28,106.6,95.3,-0.92
7,Kansas,1,2013,25.17,110.9,85.7,67.7,0.01,8.71,106.4,97.7,6.76
8,Syracuse,4,2013,24.78,111.4,86.7,64.4,-0.003,10.44,106.0,95.5,-0.15
9,Michigan St.,3,2013,24.14,110.8,86.7,64.5,0.001,12.79,107.9,95.1,2.64
10,Pittsburgh,8,2013,24.13,113.8,89.7,61.0,-0.058,6.43,104.6,98.1,-4.69
11,Wisconsin,5,2013,22.51,106.4,83.9,61.9,-0.033,12.06,108.0,95.9,1.06
12,Miami FL,2,2013,22.36,111.9,89.5,63.8,0.029,8.57,106.5,97.9,5.49
13,Arizona,6,2013,21.86,113.5,91.7,66.7,-0.011,8.69,105.5,96.8,3.78
14,Creighton,7,2013,21.7,116.4,94.7,65.2,-0.009,6.34,104.5,98.1,3.88
15,Georgetown,2,2013,21.2,105.8,84.6,62.5,0.039,8.53,105.6,97.1,-1.26
16,Wichita St.,9,2013,20.27,110.0,89.8,65.3,-0.002,7.26,105.8,98.6,2.66
17,VCU,5,2013,20.23,112.2,91.9,67.8,0.002,6.08,105.0,98.9,2.08
18,Saint Louis,4,2013,19.99,106.8,86.8,65.2,0.0,5.39,103.9,98.5,0.47
19,Minnesota,11,2013,19.82,112.9,93.1,63.6,-0.036,12.08,107.6,95.5,4.88
20,Saint Mary's,11,2013,19.31,114.3,95.0,64.2,0.024,3.86,103.9,100.0,1.51
21,Colorado St.,8,2013,19.1,116.2,97.1,64.9,0.02,7.41,104.6,97.1,1.2
22,New Mexico,3,2013,19.0,108.0,89.0,65.1,0.074,8.51,105.4,96.8,6.21
23,Oklahoma St.,5,2013,18.66,107.2,88.5,67.4,-0.016,7.36,106.0,98.6,0.88
24,Missouri,9,2013,18.54,113.2,94.6,68.2,-0.032,6.48,104.2,97.8,1.38
25,Marquette,3,2013,18.29,111.5,93.2,63.9,0.09,9.99,104.9,95.0,1.65
26,Kansas St.,4,2013,18.13,111.7,93.6,63.0,0.051,7.58,105.2,97.6,0.06
27,Iowa St.,10,2013,17.58,115.7,98.1,69.8,-0.046,7.41,104.5,97.1,-0.49
28,San Diego St.,7,2013,17.4,105.9,88.5,66.8,-0.049,8.06,105.5,97.4,3.28
29,North Carolina,8,2013,17.13,110.4,93.3,70.9,0.038,8.95,105.5,96.6,1.14
30,Mississippi,12,2013,16.95,110.5,93.6,70.1,-0.011,3.65,102.4,98.7,-5.29
31,North Carolina St.,8,2013,16.95,115.0,98.0,68.4,-0.031,7.54,105.2,97.7,3.09
32,Oregon,12,2013,16.75,104.9,88.1,68.9,0.053,6.75,104.2,97.4,-3.88
33,Notre Dame,7,2013,16.62,112.7,96.1,62.2,0.046,8.19,104.6,96.4,-1.71
34,Memphis,6,2013,16.29,105.6,89.3,69.6,0.057,2.8,103.9,101.1,3.17
35,UNLV,5,2013,16.04,104.2,88.2,69.1,-0.015,7.64,105.5,97.9,2.21
36,Illinois,7,2013,15.78,108.7,92.9,65.7,0.042,11.62,107.2,95.6,2.1
37,Cincinnati,10,2013,15.6,104.1,88.5,63.9,-0.012,8.69,105.0,96.3,-1.82
38,Butler,6,2013,15.38,108.7,93.4,65.0,0.088,7.74,105.6,97.8,4.93
39,Belmont,11,2013,14.92,109.7,94.8,67.5,0.013,-0.67,102.5,103.2,5.37
40,Middle Tennessee,11,2013,14.72,105.3,90.6,65.1,0.052,-2.26,99.4,101.7,4.9
41,Colorado,10,2013,14.57,104.7,90.1,65.2,0.03,9.51,106.2,96.7,5.19
42,UCLA,6,2013,14.49,109.2,94.7,69.4,0.068,9.24,105.2,96.0,4.15
43,La Salle,13,2013,13.83,110.0,96.2,66.2,0.052,5.61,104.5,98.8,-0.14
44,Oklahoma,10,2013,13.77,109.3,95.5,66.6,0.004,8.11,105.3,97.2,3.31
45,Villanova,9,2013,13.57,104.4,90.8,67.5,0.011,9.56,105.3,95.7,1.49
46,Boise St.,13,2013,13.51,111.3,97.8,66.3,0.005,7.02,104.8,97.8,-0.1
47,California,12,2013,13.06,105.4,92.3,66.4,0.041,9.11,105.1,95.9,4.57
48,Bucknell,11,2013,12.71,105.4,92.7,63.3,-0.014,-1.87,101.0,102.8,1.19
49,Temple,9,2013,12.67,109.5,96.8,67.6,0.038,6.06,104.7,98.7,2.97
50,Akron,12,2013,11.53,104.9,93.4,66.8,0.085,0.38,101.5,101.1,2.22
51,Valparaiso,14,2013,11.4,108.8,97.4,65.6,0.021,-1.18,100.3,101.5,-3.17
52,Davidson,14,2013,11.38,110.2,98.9,64.8,-0.002,-5.35,98.9,104.2,5.73
53,New Mexico St.,13,2013,7.72,102.9,95.2,65.1,0.04,0.44,101.4,101.0,4.14
54,Iona,15,2013,7.46,112.5,105.0,70.6,-0.07,0.54,100.8,100.3,2.94
55,Harvard,14,2013,7.09,106.3,99.3,64.4,0.038,0.43,101.4,100.9,4.32
56,South Dakota St.,13,2013,6.81,110.1,103.3,63.9,0.03,-3.83,100.4,104.2,1.61
57,Florida Gulf Coast,15,2013,6.25,103.1,96.8,69.2,0.039,-3.13,99.8,102.9,4.36
58,Pacific,15,2013,3.96,104.4,100.4,63.5,0.074,0.93,102.9,102.0,9.14
59,Northwestern St.,14,2013,2.87,104.9,102.0,72.7,0.075,-4.61,97.8,102.4,4.64
60,Montana,13,2013,2.18,103.2,101.0,64.1,0.176,-5.33,100.5,105.8,6.53
61,Albany,15,2013,1.35,100.7,99.4,63.0,0.082,-5.05,97.3,102.4,-6.56
62,Southern,16,2013,0.5,97.4,96.9,64.8,-0.03,-12.81,93.2,106.1,-0.56
63,Western Kentucky,16,2013,-0.41,99.9,100.3,66.3,0.03,-2.4,99.6,101.9,3.22
64,James Madison,16,2013,-0.91,98.4,99.3,64.5,0.063,-3.35,100.6,103.9,-4.1
65,LIU Brooklyn,16,2013,-2.12,108.6,110.7,68.9,0.016,-6.37,98.1,104.5,-4.11
66,North Carolina A&T;,16,2013,-5.28,91.4,96.7,66.6,0.037,-7.93,95.4,103.4,-4.06
67,Liberty,16,2013,-9.4,99.5,108.9,65.9,-0.035,-6.82,97.9,104.7,-1.18
0,Kentucky,1,2012,32.55,119.6,87.1,67.2,0.033,8.7,105.4,96.7,2.81
1,Ohio St.,2,2012,30.04,115.5,85.5,67.8,-0.049,11.2,107.7,96.5,0.97
2,Michigan St.,1,2012,27.81,112.1,84.2,65.8,-0.027,11.15,107.3,96.1,2.48
3,Kansas,2,2012,26.87,111.4,84.6,68.2,0.028,11.51,107.1,95.6,7.72
4,Syracuse,1,2012,26.04,115.1,89.1,65.9,0.061,9.27,105.9,96.6,2.39
5,North Carolina,1,2012,25.44,113.4,88.0,72.6,0.017,8.37,105.9,97.5,4.6
6,Missouri,2,2012,25.28,122.4,97.1,67.1,0.017,6.74,104.4,97.6,-2.72
7,Wisconsin,4,2012,24.03,111.1,87.1,59.7,-0.017,9.76,106.3,96.6,-0.03
8,Indiana,4,2012,22.53,117.5,95.0,68.0,0.007,9.47,106.1,96.7,-1.26
9,Florida,7,2012,22.47,117.8,95.3,65.8,-0.044,8.3,104.2,95.9,1.87
10,Wichita St.,5,2012,22.36,113.4,91.1,67.4,-0.016,4.58,103.7,99.1,5.39
11,Memphis,8,2012,21.88,111.4,89.6,68.7,-0.063,6.59,103.9,97.3,9.27
12,Baylor,3,2012,21.25,113.4,92.1,67.6,0.058,10.02,106.6,96.5,0.0
13,Saint Louis,9,2012,21.24,109.3,88.0,64.2,-0.055,4.95,103.5,98.5,-0.56
14,Georgetown,3,2012,21.04,108.5,87.5,64.1,-0.014,9.26,106.0,96.7,3.09
15,Vanderbilt,5,2012,20.9,112.9,92.0,66.3,-0.048,9.48,106.5,97.0,6.03
16,Louisville,4,2012,20.66,103.6,83.0,67.9,0.031,11.18,107.4,96.2,4.42
17,Marquette,3,2012,20.2,108.8,88.6,71.7,0.042,8.9,105.1,96.2,1.33
18,Duke,2,2012,19.67,114.9,95.2,68.5,0.058,9.37,106.1,96.7,10.13
19,New Mexico,5,2012,19.43,108.2,88.7,67.2,0.003,3.02,102.3,99.3,-2.76
20,Gonzaga,7,2012,18.37,110.4,92.0,67.0,-0.019,3.29,103.7,100.4,4.39
21,Michigan,4,2012,17.5,111.5,94.0,62.0,0.058,10.97,107.3,96.4,1.52
22,Kansas St.,8,2012,17.49,107.2,89.7,68.0,-0.024,8.81,105.7,96.9,-0.42
23,Florida St.,3,2012,17.11,104.8,87.7,68.1,0.035,8.67,105.7,97.0,4.37
24,Belmont,14,2012,16.91,114.3,97.4,69.3,-0.016,-0.59,101.4,102.0,3.43
25,Alabama,9,2012,16.67,103.4,86.7,63.8,-0.066,7.82,106.0,98.2,5.94
26,Iowa St.,8,2012,16.64,111.1,94.5,67.8,-0.004,8.24,105.7,97.5,-0.83
27,Creighton,8,2012,16.47,116.6,100.1,67.7,0.079,3.93,103.2,99.2,0.59
28,California,12,2012,16.32,108.5,92.2,67.4,-0.008,4.71,103.3,98.6,1.69
29,Purdue,10,2012,16.25,113.4,97.1,65.9,-0.003,9.6,107.0,97.4,0.46
30,Cincinnati,6,2012,15.99,106.9,90.9,64.7,0.024,7.56,104.2,96.6,-5.49
31,Texas,11,2012,15.87,110.2,94.3,67.2,-0.066,9.52,106.6,97.1,2.11
32,Virginia,10,2012,15.86,102.4,86.5,61.5,-0.025,4.67,103.5,98.9,-3.71
33,Saint Mary's,7,2012,15.46,111.7,96.2,65.0,0.037,0.78,102.6,101.8,-0.07
34,Murray St.,6,2012,15.37,105.9,90.5,67.1,0.032,-2.47,101.0,103.5,3.78
35,Long Beach St.,12,2012,15.29,108.9,93.6,68.2,-0.046,0.58,101.9,101.3,12.17
36,UNLV,6,2012,14.96,106.5,91.5,69.9,0.006,4.45,103.1,98.7,1.2
37,Connecticut,9,2012,14.49,108.6,94.1,64.9,-0.034,9.36,106.1,96.8,3.11
38,Temple,5,2012,14.47,110.6,96.1,68.2,0.055,5.92,104.6,98.7,5.6
39,Harvard,12,2012,14.34,106.1,91.8,62.2,0.027,-1.78,99.1,100.9,-1.05
40,North Carolina St.,11,2012,14.19,109.4,95.2,68.6,-0.004,7.51,104.7,97.2,4.82
41,Notre Dame,7,2012,14.19,108.1,93.9,62.0,0.032,7.74,105.0,97.2,-0.71
42,West Virginia,10,2012,13.49,108.7,95.2,65.5,-0.019,9.21,106.0,96.8,4.75
43,VCU,12,2012,13.48,104.3,90.8,66.4,0.025,0.89,100.3,99.4,2.24
44,South Florida,12,2012,13.12,101.2,88.1,60.4,0.041,8.53,105.6,97.1,2.58
45,BYU,14,2012,12.75,103.6,90.8,74.1,0.02,1.63,103.5,101.9,1.47
46,Xavier,10,2012,12.63,106.0,93.4,68.0,0.03,7.92,105.9,98.0,6.4
47,Iona,14,2012,12.24,112.7,100.5,71.9,-0.01,-1.63,100.5,102.1,3.65
48,Ohio,13,2012,11.87,103.9,92.0,67.6,0.021,1.11,101.9,100.8,-2.03
49,St. Bonaventure,14,2012,11.84,107.9,96.1,65.3,-0.024,3.57,102.9,99.4,-0.45
50,South Dakota St.,14,2012,11.67,110.9,99.2,66.5,0.031,-2.1,101.3,103.4,0.49
51,New Mexico St.,13,2012,11.22,106.6,95.4,70.8,-0.041,-0.52,101.8,102.3,0.03
52,San Diego St.,6,2012,11.13,104.1,93.0,67.5,0.06,4.09,103.4,99.3,-1.28
53,Southern Miss,9,2012,10.81,108.5,97.6,65.5,0.041,4.31,102.8,98.5,2.04
54,Davidson,13,2012,10.7,109.4,98.7,69.1,0.008,-3.05,99.7,102.8,9.05
55,Lehigh,15,2012,9.32,105.9,96.6,69.2,-0.026,-6.5,98.0,104.5,-7.58
56,Colorado,11,2012,8.83,102.1,93.3,66.7,0.082,5.86,104.2,98.3,1.8
57,Colorado St.,11,2012,8.15,109.1,101.0,65.3,0.075,4.98,103.2,98.2,2.26
58,Montana,13,2012,6.78,100.9,94.1,66.3,0.065,-4.73,101.0,105.7,-0.12
59,Lamar,16,2012,6.37,104.8,98.4,68.0,-0.027,-4.44,97.5,101.9,3.18
60,Detroit,15,2012,5.48,105.4,99.9,68.5,-0.006,0.49,100.5,100.0,1.79
61,UNC Asheville,16,2012,5.48,107.8,102.3,70.1,0.001,-4.03,100.1,104.1,6.43
62,Vermont,16,2012,5.18,102.4,97.3,63.9,-0.022,-5.87,97.1,103.0,-1.35
63,Loyola MD,15,2012,3.9,101.2,97.3,65.7,0.114,-3.45,99.6,103.1,-2.89
64,LIU Brooklyn,16,2012,0.77,105.8,105.0,75.2,0.118,-5.25,98.0,103.2,-4.39
65,Norfolk St.,15,2012,-1.8,98.1,99.9,68.5,0.188,-6.77,98.3,105.0,0.34
66,Western Kentucky,16,2012,-2.68,95.0,97.7,69.7,0.083,0.64,100.8,100.2,4.39
67,Mississippi Valley St.,16,2012,-6.28,95.3,101.6,70.5,0.128,-9.98,94.1,104.1,9.65
0,Ohio St.,1,2011,32.78,122.0,89.2,65.6,0.031,10.12,106.0,95.9,0.8
1,Kansas,1,2011,27.91,117.2,89.3,69.6,0.061,8.61,105.2,96.6,2.51
2,Duke,1,2011,27.76,117.1,89.4,70.3,0.018,9.52,104.4,94.9,5.79
3,Pittsburgh,1,2011,26.38,117.8,91.4,63.6,-0.022,9.54,104.8,95.2,1.42
4,Texas,4,2011,25.41,112.9,87.5,67.3,-0.058,8.32,104.5,96.2,3.71
5,Wisconsin,4,2011,25.32,119.9,94.6,58.2,-0.003,11.29,106.7,95.4,-0.07
6,Kentucky,4,2011,25.27,115.6,90.3,66.5,-0.043,9.96,104.9,94.9,6.59
7,San Diego St.,2,2011,24.48,111.6,87.2,63.9,0.059,7.31,104.2,96.9,4.37
8,Purdue,3,2011,24.21,113.2,89.0,67.7,0.008,10.63,105.6,94.9,2.88
9,Connecticut,3,2011,23.34,112.9,89.6,66.4,0.049,13.1,106.8,93.7,3.28
10,BYU,3,2011,22.85,115.4,92.5,71.7,0.056,6.98,103.5,96.5,3.82
11,Notre Dame,2,2011,22.7,118.2,95.5,64.8,0.074,10.99,105.4,94.4,0.38
12,Syracuse,3,2011,21.88,111.6,89.7,66.8,0.033,10.35,105.5,95.1,2.51
13,Louisville,4,2011,21.88,109.8,87.9,68.0,-0.037,10.05,105.5,95.4,-0.6
14,North Carolina,2,2011,21.7,109.4,87.7,72.3,0.064,11.66,106.7,95.1,7.52
15,Washington,7,2011,21.29,114.9,93.6,71.8,-0.099,7.78,103.7,96.0,3.63
16,Florida,2,2011,20.15,112.9,92.8,64.3,0.037,8.53,103.8,95.2,3.95
17,Illinois,9,2011,19.69,110.9,91.2,66.3,-0.073,12.78,107.4,94.6,5.27
18,West Virginia,5,2011,19.66,112.0,92.4,64.3,-0.018,12.92,107.7,94.7,8.51
19,Arizona,5,2011,19.27,115.1,95.8,66.9,0.065,8.08,104.5,96.4,2.27
20,Cincinnati,6,2011,19.0,108.7,89.7,64.1,0.041,7.3,103.9,96.6,-5.93
21,Utah St.,12,2011,18.99,109.4,90.4,63.6,0.034,0.2,100.6,100.4,-0.91
22,Belmont,13,2011,18.11,110.3,92.2,69.9,-0.006,-5.27,96.7,102.0,-2.56
23,George Mason,8,2011,17.96,111.8,93.8,66.0,0.028,1.98,101.6,99.7,1.06
24,Clemson,12,2011,17.86,107.3,89.4,65.4,-0.088,7.7,103.6,95.9,0.16
25,Marquette,11,2011,17.71,113.2,95.5,67.7,-0.057,11.29,106.1,94.8,-2.53
26,UNLV,8,2011,17.37,108.4,91.0,68.0,0.004,6.65,103.2,96.6,3.12
27,Michigan,8,2011,17.34,110.4,93.0,63.1,-0.014,12.7,107.5,94.8,2.97
28,Villanova,9,2011,17.33,111.5,94.2,67.1,-0.04,9.78,105.1,95.4,1.19
29,Georgetown,6,2011,17.28,111.4,94.2,65.2,0.048,12.21,106.6,94.4,6.29
30,Kansas St.,5,2011,17.07,108.0,91.0,68.5,0.011,9.88,105.5,95.7,3.34
31,Vanderbilt,5,2011,16.91,114.2,97.3,67.7,-0.05,7.58,103.4,95.8,5.12
32,Temple,7,2011,16.46,108.3,91.8,65.7,0.014,4.25,102.1,97.8,6.32
33,Florida St.,10,2011,16.31,101.9,85.6,68.6,-0.016,6.87,103.6,96.7,-1.82
34,Gonzaga,11,2011,16.12,109.5,93.4,67.9,-0.007,4.49,103.4,98.9,6.26
35,Butler,8,2011,16.01,109.9,93.9,65.0,0.034,5.38,102.7,97.3,6.97
36,Richmond,12,2011,15.75,110.8,95.1,63.2,0.053,3.22,101.4,98.2,1.63
37,Xavier,6,2011,15.68,110.7,95.0,65.8,0.037,4.79,102.1,97.3,7.05
38,St. John's,6,2011,15.5,109.1,93.6,67.4,0.047,11.48,106.7,95.2,3.14
39,Missouri,11,2011,15.19,111.2,96.0,72.3,-0.013,7.55,104.1,96.5,-1.65
40,Michigan St.,10,2011,14.77,106.8,92.0,66.9,0.009,13.96,107.6,93.6,8.73
41,Penn St.,10,2011,14.58,110.3,95.7,61.2,0.037,13.31,107.6,94.3,3.6
42,Old Dominion,9,2011,14.39,107.5,93.1,62.0,0.059,2.98,102.3,99.3,5.07
43,Texas A&M;,7,2011,14.27,107.2,92.9,62.7,0.051,6.63,103.2,96.5,-4.06
44,UCLA,7,2011,13.33,106.4,93.1,67.0,0.033,8.18,104.5,96.3,4.61
45,VCU,11,2011,13.27,110.3,97.1,66.8,0.021,4.77,102.5,97.7,2.25
46,USC,11,2011,13.06,105.4,92.4,63.3,-0.05,7.98,104.7,96.7,4.16
47,Oakland,13,2011,12.97,116.3,103.4,72.6,0.022,1.01,102.0,101.0,11.27
48,Tennessee,9,2011,12.09,105.5,93.4,67.9,-0.013,10.09,105.6,95.5,9.26
49,Georgia,10,2011,11.86,105.7,93.9,65.2,-0.003,6.54,103.0,96.5,1.19
50,UAB,12,2011,11.38,106.0,94.6,63.7,0.024,2.34,100.9,98.5,-1.23
51,Princeton,13,2011,8.92,105.4,96.5,63.9,0.091,-1.52,100.2,101.7,-1.23
52,Wofford,14,2011,8.06,110.1,102.1,64.7,-0.024,-0.91,100.4,101.3,5.54
53,Morehead St.,13,2011,6.84,103.3,96.4,64.9,0.023,-3.3,98.5,101.8,1.25
54,Memphis,12,2011,6.79,102.1,95.3,69.4,0.117,3.24,101.9,98.7,-0.61
55,Bucknell,14,2011,6.48,103.5,97.0,66.2,0.067,-3.58,99.1,102.6,-0.11
56,Indiana St.,14,2011,5.33,100.8,95.5,66.4,0.052,2.95,102.2,99.3,1.69
57,LIU Brooklyn,15,2011,5.33,107.2,101.9,75.1,0.052,-5.9,96.2,102.1,-6.68
58,Akron,15,2011,4.0,101.2,97.2,67.7,0.044,-1.27,99.2,100.5,-0.01
59,Northern Colorado,15,2011,3.93,103.8,99.8,68.3,0.024,-2.79,99.0,101.7,0.15
60,UC Santa Barbara,15,2011,3.13,101.9,98.7,65.4,0.002,-0.05,100.6,100.7,4.91
61,Saint Peter's,14,2011,2.66,92.7,90.1,66.0,0.074,-0.39,99.0,99.4,1.85
62,UNC Asheville,16,2011,1.85,99.5,97.6,69.3,-0.011,-4.1,97.7,101.8,4.54
63,Boston University,16,2011,-0.53,100.3,100.8,64.7,0.046,-4.51,96.9,101.4,0.77
64,Hampton,16,2011,-4.09,92.3,96.4,67.9,0.108,-10.9,93.8,104.7,-5.14
65,Arkansas Little Rock,16,2011,-4.51,98.9,103.4,65.7,0.032,-3.77,98.7,102.5,0.77
66,UTSA,16,2011,-5.3,99.5,104.8,68.4,0.086,-6.47,96.6,103.0,-4.24
67,Alabama St.,16,2011,-12.92,90.1,103.0,65.8,0.031,-12.23,91.1,103.3,2.01
0,Duke,1,2010,32.53,117.0,84.5,67.4,0.009,11.83,104.7,92.9,5.47
1,Kansas,1,2010,31.23,116.8,85.6,70.1,0.038,10.47,105.2,94.8,3.98
2,Syracuse,1,2010,26.96,114.5,87.5,71.8,-0.007,9.74,105.6,95.8,1.44
3,Kentucky,1,2010,25.93,110.9,85.0,71.5,0.06,8.23,103.7,95.5,2.1
4,Kansas St.,2,2010,24.9,111.9,87.0,73.0,-0.007,12.33,106.3,94.0,4.73
5,West Virginia,2,2010,24.88,113.1,88.2,66.1,0.058,12.55,106.5,94.0,6.54
6,Ohio St.,2,2010,24.47,113.6,89.1,67.2,0.008,8.64,103.3,94.7,1.2
7,Baylor,3,2010,24.36,115.2,90.8,68.0,-0.02,10.63,105.0,94.4,-0.72
8,Wisconsin,4,2010,23.11,111.7,88.6,61.8,-0.011,9.53,104.8,95.3,4.19
9,BYU,7,2010,22.67,113.3,90.6,73.9,0.012,3.83,101.6,97.7,0.64
10,Georgetown,3,2010,22.05,112.8,90.7,68.8,-0.035,12.21,105.9,93.7,5.76
11,Butler,5,2010,21.93,107.2,85.3,66.1,0.033,6.09,102.9,96.8,10.61
12,Maryland,4,2010,21.78,113.7,91.9,72.1,-0.022,9.61,103.7,94.1,-1.69
13,California,8,2010,21.57,115.6,94.0,69.9,-0.042,9.23,103.3,94.1,10.2
14,Purdue,4,2010,21.51,105.3,83.8,69.4,0.07,9.47,104.7,95.2,1.43
15,Texas A&M;,5,2010,20.89,108.0,87.1,67.7,-0.005,11.73,106.2,94.5,2.67
16,Villanova,2,2010,20.67,112.8,92.2,74.2,0.025,10.31,105.4,95.1,1.04
17,Xavier,6,2010,20.49,111.4,90.9,71.6,0.01,8.31,103.0,94.7,8.36
18,Texas,8,2010,20.42,110.1,89.7,74.7,-0.015,9.62,104.2,94.6,0.86
19,Michigan St.,5,2010,19.69,108.7,89.0,68.2,0.028,9.39,104.3,94.9,1.47
20,Temple,5,2010,19.6,104.1,84.5,63.6,0.077,6.13,102.9,96.8,6.0
21,Utah St.,12,2010,19.59,112.3,92.7,63.3,-0.026,2.22,101.9,99.7,1.42
22,Missouri,10,2010,19.54,107.7,88.1,71.7,-0.035,8.77,104.0,95.2,-2.61
23,Marquette,6,2010,19.27,111.4,92.1,65.5,-0.064,9.46,104.7,95.3,-2.17
24,Clemson,7,2010,18.91,106.9,88.0,71.1,-0.041,9.56,103.3,93.8,-1.01
25,Northern Iowa,9,2010,18.45,105.8,87.4,61.8,0.034,4.38,102.5,98.2,-0.16
26,Pittsburgh,3,2010,18.26,107.5,89.3,64.7,0.042,9.26,105.0,95.7,1.58
27,Saint Mary's,10,2010,18.2,112.9,94.7,68.5,0.038,3.14,102.3,99.1,2.54
28,Tennessee,6,2010,18.13,105.6,87.5,70.4,0.082,9.1,104.0,94.9,1.8
29,Georgia Tech,10,2010,17.85,105.5,87.6,71.4,-0.034,11.13,104.1,93.0,-1.02
30,Washington,11,2010,17.75,107.8,90.1,74.4,0.028,7.98,103.9,95.9,5.11
31,Florida St.,9,2010,17.65,101.0,83.3,68.5,0.009,9.56,104.2,94.6,-0.5
32,Minnesota,11,2010,17.62,108.0,90.4,68.3,-0.056,9.01,104.5,95.5,0.26
33,Notre Dame,6,2010,17.3,115.0,97.7,65.2,-0.067,7.85,103.9,96.0,-3.62
34,Vanderbilt,4,2010,17.2,109.6,92.4,71.9,0.019,9.12,104.2,95.1,4.45
35,Old Dominion,11,2010,17.1,104.3,87.2,65.0,0.011,3.29,101.7,98.4,6.68
36,Louisville,9,2010,16.54,111.2,94.7,69.3,-0.038,10.02,105.0,95.0,2.61
37,Oklahoma St.,7,2010,16.44,109.4,92.9,69.0,0.011,8.94,104.0,95.0,-1.73
38,UTEP,12,2010,16.21,104.2,88.0,71.0,0.024,3.1,101.0,97.9,-1.61
39,San Diego St.,11,2010,16.14,107.3,91.1,66.2,0.006,4.53,101.6,97.1,1.07
40,UNLV,8,2010,16.05,106.7,90.6,69.3,-0.012,5.05,101.9,96.9,1.85
41,New Mexico,3,2010,15.8,109.8,94.0,70.1,0.096,4.82,102.0,97.2,3.68
42,Gonzaga,8,2010,15.78,108.3,92.5,70.6,0.079,4.04,102.5,98.5,6.08
43,Cornell,12,2010,15.63,113.4,97.7,66.7,0.067,-1.97,97.2,99.2,1.56
44,Florida,10,2010,14.89,108.5,93.6,67.9,-0.061,8.33,103.4,95.1,0.4
45,Richmond,7,2010,14.78,105.3,90.5,65.8,0.047,5.37,101.9,96.5,2.45
46,Murray St.,13,2010,14.58,104.9,90.4,68.8,-0.011,-5.92,96.8,102.7,-6.31
47,Wake Forest,9,2010,13.9,104.0,90.1,71.5,0.068,10.87,104.2,93.4,0.56
48,Siena,13,2010,13.61,105.9,92.3,71.7,0.027,0.33,97.8,97.5,3.71
49,Wofford,13,2010,9.9,101.1,91.2,66.8,-0.022,-2.33,98.4,100.7,1.72
50,Houston,13,2010,8.63,108.2,99.5,73.6,-0.083,4.17,101.7,97.6,1.89
51,Ohio,14,2010,8.06,103.6,95.6,71.3,-0.066,0.96,99.8,98.9,0.15
52,Montana,14,2010,7.97,103.3,95.4,64.9,-0.042,-2.17,100.0,102.2,-0.9
53,Sam Houston St.,14,2010,7.47,107.1,99.6,71.7,0.052,-3.75,97.8,101.6,2.39
54,New Mexico St.,12,2010,5.92,108.6,102.6,72.7,0.123,3.27,102.1,98.8,0.73
55,Oakland,14,2010,3.19,103.6,100.4,72.6,0.173,-3.23,98.0,101.2,7.69
56,Vermont,16,2010,2.97,100.0,97.0,69.5,0.067,-7.09,94.9,102.0,-5.46
57,East Tennessee St.,16,2010,2.37,96.7,94.3,70.5,-0.002,-2.04,98.3,100.4,6.73
58,UC Santa Barbara,15,2010,2.08,96.2,94.2,69.6,0.126,-1.22,99.3,100.5,2.85
59,Morgan St.,15,2010,1.58,101.6,100.0,71.9,0.076,-8.37,94.3,102.7,-1.8
60,North Texas,15,2010,-0.42,99.6,100.0,70.5,0.113,-6.07,96.3,102.4,-4.23
61,Lehigh,16,2010,-0.99,101.6,102.6,71.9,0.018,-9.38,93.8,103.1,-9.05
62,Robert Morris,15,2010,-1.08,96.1,97.2,69.5,0.075,-7.2,94.7,101.9,2.63
63,Winthrop,16,2010,-5.61,87.4,93.0,66.9,0.05,-8.02,94.9,102.9,3.26
64,Arkansas Pine Bluff,16,2010,-6.26,89.6,95.9,68.0,0.053,-9.04,92.3,101.4,11.9
0,North Carolina,1,2009,30.53,119.8,89.3,75.5,-0.011,9.92,105.0,95.1,2.82
1,Connecticut,1,2009,28.57,112.2,83.6,70.1,0.024,10.74,105.9,95.2,0.98
2,Pittsburgh,1,2009,28.26,117.3,89.1,68.3,-0.012,11.17,105.4,94.3,4.68
3,Memphis,2,2009,27.93,108.8,80.9,69.2,-0.009,6.08,103.1,97.0,6.75
4,Louisville,1,2009,25.53,108.3,82.7,69.6,0.068,10.64,105.9,95.3,4.21
5,Missouri,3,2009,24.32,113.3,89.0,73.4,0.032,8.66,103.7,95.0,-0.57
6,Oklahoma,2,2009,24.08,114.6,90.6,69.7,0.018,10.09,105.5,95.4,2.58
7,Gonzaga,4,2009,23.84,113.3,89.4,69.9,0.003,4.48,102.1,97.7,10.17
8,Duke,2,2009,23.78,114.0,90.2,69.3,0.053,10.85,105.6,94.8,5.44
9,Michigan St.,2,2009,23.75,110.4,86.6,69.1,0.092,12.0,106.0,94.0,7.08
10,West Virginia,6,2009,23.65,110.3,86.7,67.0,-0.068,10.74,105.7,95.0,3.02
11,UCLA,6,2009,23.44,115.8,92.3,67.5,-0.03,9.56,104.9,95.3,0.71
12,Kansas,3,2009,23.32,110.5,87.2,70.6,-0.012,10.01,105.5,95.4,5.33
13,Villanova,3,2009,23.26,110.1,86.8,71.8,0.021,10.86,106.1,95.3,-2.08
14,Arizona St.,6,2009,22.48,114.2,91.7,62.0,-0.018,10.62,106.1,95.4,1.18
15,Syracuse,3,2009,21.67,113.2,91.6,72.0,0.025,12.24,105.6,93.4,4.98
16,Washington,4,2009,21.53,108.8,87.3,74.5,-0.005,10.95,106.7,95.8,3.54
17,Purdue,5,2009,21.36,106.5,85.1,68.2,-0.013,9.78,104.4,94.6,-1.63
18,Marquette,6,2009,20.52,113.5,93.0,70.1,-0.013,8.65,104.7,96.1,-1.34
19,Xavier,4,2009,19.79,107.0,87.2,68.3,-0.007,6.19,102.9,96.7,9.07
20,BYU,8,2009,19.7,110.5,90.8,70.7,-0.046,4.83,102.4,97.6,1.36
21,Clemson,7,2009,19.17,112.3,93.1,71.1,-0.023,6.87,102.5,95.7,-1.36
22,Texas,7,2009,19.14,108.0,88.9,68.6,-0.047,10.45,106.3,95.9,3.79
23,Wake Forest,4,2009,18.54,108.1,89.5,75.7,0.052,7.5,104.3,96.8,-3.05
24,Illinois,5,2009,18.33,103.1,84.8,65.4,0.001,8.95,103.8,94.8,0.21
25,Oklahoma St.,8,2009,17.96,113.3,95.3,72.1,-0.003,11.05,105.9,94.9,2.32
26,USC,10,2009,17.82,106.1,88.3,66.6,-0.032,11.87,107.9,96.1,4.54
27,Utah,5,2009,17.42,107.2,89.7,67.4,0.013,7.38,104.8,97.4,7.44
28,Wisconsin,12,2009,17.24,109.9,92.7,61.0,-0.051,10.25,104.4,94.2,4.19
29,California,7,2009,17.01,113.4,96.4,68.0,0.002,9.63,105.0,95.4,0.17
30,Tennessee,9,2009,16.18,111.5,95.3,71.0,-0.032,9.64,104.9,95.3,10.22
31,Ohio St.,8,2009,15.97,109.2,93.2,64.8,0.042,10.58,105.0,94.4,1.37
32,Arizona,12,2009,15.55,114.0,98.4,67.1,0.019,12.03,106.3,94.2,5.14
33,Butler,9,2009,15.5,106.9,91.4,65.1,-0.014,2.83,99.9,97.1,5.81
34,Florida St.,5,2009,15.36,102.0,86.7,68.7,0.066,9.83,105.9,96.1,1.64
35,Minnesota,10,2009,14.99,103.7,88.7,66.9,0.031,9.68,104.8,95.1,0.25
36,Utah St.,11,2009,14.89,113.1,98.2,63.0,0.046,-0.34,100.1,100.5,-1.77
37,Texas A&M;,9,2009,14.65,109.2,94.5,67.1,0.053,8.78,104.6,95.8,-1.27
38,LSU,8,2009,14.55,107.9,93.4,68.8,0.076,5.02,102.2,97.2,-3.59
39,Michigan,10,2009,14.47,108.3,93.8,64.5,0.014,11.68,105.4,93.7,3.13
40,Temple,11,2009,14.09,105.9,91.8,66.5,-0.005,5.59,103.1,97.5,4.94
41,VCU,11,2009,13.24,105.8,92.5,68.3,-0.072,0.56,99.9,99.4,3.41
42,Maryland,10,2009,13.24,105.8,92.5,69.5,0.04,10.69,105.7,95.0,1.18
43,North Dakota St.,14,2009,12.01,110.4,98.4,69.9,-0.009,-2.09,99.7,101.8,0.35
44,Cleveland St.,13,2009,11.67,101.9,90.2,66.6,0.01,3.3,101.0,97.7,5.93
45,Siena,9,2009,11.64,106.5,94.8,73.4,0.031,1.61,99.6,98.0,7.87
46,Mississippi St.,13,2009,11.29,103.5,92.2,70.7,-0.005,5.82,102.7,96.8,-0.27
47,Boston College,7,2009,10.87,109.3,98.4,68.2,0.039,7.45,104.0,96.5,-1.88
48,Dayton,11,2009,10.04,99.7,89.6,67.0,0.108,3.36,102.1,98.8,-1.39
49,Northern Iowa,12,2009,9.48,106.7,97.2,63.7,0.053,3.14,101.6,98.5,2.35
50,Western Kentucky,12,2009,7.96,107.7,99.7,68.0,0.092,-1.21,98.7,99.9,4.13
51,Akron,13,2009,6.78,99.3,92.5,67.3,-0.014,-1.65,97.5,99.1,-2.61
52,Stephen F. Austin,14,2009,6.47,93.6,87.1,65.4,0.052,-2.84,98.5,101.3,1.5
53,East Tennessee St.,16,2009,5.5,102.6,97.1,72.9,-0.047,-5.04,96.9,101.9,-2.42
54,Cal St. Northridge,15,2009,5.1,98.9,93.8,73.8,-0.045,-0.64,100.4,101.0,2.14
55,Cornell,14,2009,5.03,104.7,99.7,68.2,-0.004,-5.84,95.7,101.5,-1.33
56,American,14,2009,4.58,101.7,97.1,63.4,0.093,-6.71,94.2,100.9,-2.38
57,Portland St.,13,2009,3.91,105.1,101.2,68.1,0.024,-3.48,98.3,101.8,-0.58
58,Robert Morris,15,2009,1.51,98.8,97.3,68.7,0.055,-6.94,96.1,103.1,-0.84
59,Morgan St.,15,2009,0.89,96.1,95.2,68.4,0.031,-8.35,94.5,102.9,1.6
60,Morehead St.,16,2009,0.77,98.5,97.8,68.0,0.016,-2.76,99.9,102.7,0.32
61,Radford,16,2009,-0.88,97.9,98.7,72.4,0.076,-4.52,97.8,102.3,6.19
62,Binghamton,15,2009,-1.02,98.6,99.6,69.5,0.131,-5.93,96.2,102.1,-5.41
63,Alabama St.,16,2009,-2.91,97.1,100.0,66.8,0.026,-12.43,92.0,104.4,4.26
64,Chattanooga,16,2009,-3.97,100.7,104.7,71.9,0.041,-3.38,98.9,102.2,10.12
0,Kansas,1,2008,34.39,116.7,82.3,69.9,0.012,9.71,106.0,96.3,1.98
1,Memphis,1,2008,30.78,114.0,83.2,71.1,0.012,6.57,104.0,97.4,7.83
2,North Carolina,1,2008,29.56,118.2,88.6,75.7,0.05,10.27,104.8,94.5,2.9
3,UCLA,1,2008,29.27,113.9,84.6,67.3,0.047,10.87,106.4,95.5,1.84
4,Wisconsin,3,2008,26.24,109.8,83.6,64.2,0.043,8.15,104.0,95.9,3.64
5,Duke,2,2008,25.84,112.2,86.4,75.1,-0.006,10.51,106.0,95.5,5.87
6,Georgetown,2,2008,24.96,110.7,85.7,63.8,0.029,8.94,105.0,96.1,0.05
7,Louisville,3,2008,24.9,109.4,84.5,68.4,-0.057,9.85,105.3,95.4,3.51
8,Texas,2,2008,24.52,116.2,91.7,67.4,0.046,10.93,105.4,94.4,3.18
9,Washington St.,4,2008,23.77,111.1,87.4,61.7,-0.003,8.98,105.7,96.7,-4.61
10,Davidson,10,2008,23.01,112.8,89.8,69.1,-0.036,2.38,101.3,98.9,12.21
11,Stanford,3,2008,22.23,109.2,86.9,66.6,0.039,9.41,105.9,96.5,-3.74
12,Marquette,6,2008,21.74,110.7,88.9,70.3,-0.027,9.25,104.9,95.6,-1.66
13,Tennessee,2,2008,21.73,112.4,90.6,73.5,0.11,9.73,106.1,96.3,8.77
14,Xavier,3,2008,21.61,113.4,91.8,66.8,0.054,7.51,105.1,97.6,5.65
15,Clemson,5,2008,21.61,110.0,88.4,71.9,-0.045,9.98,106.2,96.2,2.4
16,Drake,5,2008,20.86,115.2,94.3,66.4,0.012,4.82,102.2,97.4,0.68
17,West Virginia,7,2008,20.72,110.1,89.3,67.3,-0.017,9.33,105.2,95.9,-0.78
18,Michigan St.,5,2008,20.54,110.9,90.4,66.8,0.033,9.32,105.2,95.9,3.64
19,Butler,7,2008,19.56,112.4,92.8,62.7,0.003,3.17,101.1,97.9,5.84
20,Texas A&M;,9,2008,19.53,108.0,88.5,65.6,0.005,9.46,104.7,95.2,-0.26
21,Pittsburgh,4,2008,19.47,111.8,92.4,67.5,0.028,9.69,104.5,94.8,1.14
22,Notre Dame,5,2008,18.67,110.9,92.3,72.6,0.043,7.94,104.5,96.5,-2.82
23,Arizona,10,2008,18.64,112.5,93.9,66.7,-0.077,12.94,107.0,94.1,10.22
24,Kansas St.,11,2008,18.54,110.0,91.4,72.9,-0.048,9.51,104.9,95.4,-0.06
25,Gonzaga,7,2008,18.54,109.9,91.4,69.4,-0.03,3.17,101.1,97.9,9.14
26,Connecticut,4,2008,18.41,110.5,92.1,71.0,0.0,8.26,104.5,96.3,1.75
27,USC,6,2008,18.19,106.5,88.3,68.0,-0.004,11.67,106.7,95.0,2.24
28,Indiana,8,2008,17.96,110.7,92.7,69.0,0.038,7.45,103.7,96.3,1.72
29,Purdue,6,2008,17.87,106.6,88.7,69.5,-0.024,7.08,103.0,95.9,-0.18
30,Mississippi St.,8,2008,16.27,103.6,87.3,70.4,-0.042,6.82,105.0,98.2,0.38
31,BYU,8,2008,15.4,103.4,88.0,71.0,0.027,1.81,101.1,99.3,-2.51
32,Oregon,9,2008,15.3,114.9,99.6,68.7,-0.034,10.63,105.7,95.1,1.53
33,Miami FL,7,2008,15.02,108.2,93.2,69.4,-0.003,8.18,103.5,95.4,-2.81
34,Arkansas,9,2008,14.83,107.8,93.0,70.0,0.009,8.0,105.4,97.4,2.32
35,Baylor,11,2008,14.51,111.4,96.9,73.0,-0.028,8.23,103.9,95.7,-2.82
36,Saint Mary's,10,2008,14.4,105.6,91.2,69.6,0.03,0.68,100.2,99.5,4.01
37,Western Kentucky,12,2008,14.36,108.4,94.0,70.9,-0.02,-1.04,99.9,100.9,1.46
38,Oklahoma,6,2008,14.16,105.9,91.7,65.8,0.077,10.32,105.5,95.2,2.42
39,Saint Joseph's,11,2008,14.01,111.2,97.2,67.0,-0.068,5.42,103.4,98.0,0.44
40,Villanova,12,2008,13.84,105.6,91.8,71.0,0.037,9.23,105.5,96.2,-0.29
41,UNLV,8,2008,13.46,106.0,92.5,67.4,0.081,4.53,101.8,97.3,1.8
42,Kent St.,9,2008,12.73,103.7,90.9,67.9,0.075,1.46,100.3,98.8,1.31
43,Vanderbilt,4,2008,12.32,108.4,96.1,71.9,0.11,6.45,104.7,98.3,1.36
44,Temple,12,2008,12.1,108.8,96.7,67.0,-0.019,6.16,104.1,97.9,4.28
45,South Alabama,10,2008,11.5,108.4,96.9,68.3,-0.0,-1.19,100.2,101.4,2.42
46,Oral Roberts,13,2008,10.1,100.5,90.4,66.8,0.032,0.03,102.1,102.0,7.59
47,Kentucky,11,2008,9.74,104.6,94.9,65.6,0.011,7.78,104.5,96.7,0.91
48,George Mason,12,2008,9.49,106.8,97.3,64.8,-0.009,-0.13,99.6,99.7,3.55
49,Cal St. Fullerton,14,2008,8.25,108.1,99.8,74.5,-0.009,-3.94,98.5,102.4,-3.05
50,Georgia,14,2008,7.89,100.2,92.3,68.0,-0.032,8.04,105.5,97.4,-1.66
51,Siena,13,2008,7.86,104.8,96.9,71.3,0.036,-0.85,101.0,101.8,3.56
52,Winthrop,13,2008,6.3,95.5,89.2,65.0,-0.001,-1.28,101.6,102.9,7.56
53,Portland St.,16,2008,5.25,104.7,99.5,69.3,0.062,-4.05,99.2,103.2,1.56
54,San Diego,13,2008,4.51,97.5,93.0,66.6,0.046,1.82,101.2,99.4,2.39
55,Cornell,14,2008,4.4,106.4,102.0,70.8,0.087,-6.86,95.7,102.6,-3.45
56,Boise St.,14,2008,3.78,105.0,101.2,73.7,0.086,-2.98,99.9,102.8,-3.95
57,UMBC,15,2008,3.78,108.5,104.8,67.0,0.055,-4.7,97.0,101.7,0.47
58,Belmont,15,2008,3.41,105.5,102.1,72.2,0.075,-5.18,97.6,102.8,-0.52
59,American,15,2008,1.7,103.4,101.7,63.5,0.045,-4.28,96.5,100.8,-3.97
60,Austin Peay,15,2008,-0.28,101.0,101.3,68.8,0.084,-6.6,99.0,105.6,3.86
61,Mount St. Mary's,16,2008,-1.29,95.7,97.0,69.6,0.016,-5.47,98.1,103.6,0.0
62,UT Arlington,16,2008,-2.19,97.7,99.9,71.9,0.046,-4.61,96.4,101.0,-5.21
63,Coppin St.,16,2008,-14.09,88.7,102.8,66.5,0.064,-8.24,94.2,102.5,3.43
64,Mississippi Valley St.,16,2008,-14.87,87.8,102.7,66.8,0.116,-11.37,93.3,104.6,9.43
0,North Carolina,1,2007,30.78,117.0,86.2,74.5,-0.046,11.47,107.7,96.2,5.4
1,Florida,1,2007,30.18,118.5,88.4,68.3,0.029,8.89,105.4,96.5,-3.15
2,Ohio St.,1,2007,28.64,116.3,87.7,67.4,0.056,10.49,105.6,95.1,3.04
3,Georgetown,2,2007,27.75,116.9,89.2,62.3,0.008,10.82,106.1,95.3,1.8
4,Kansas,1,2007,27.18,110.7,83.5,71.1,0.032,7.56,104.9,97.3,2.26
5,UCLA,2,2007,26.52,111.0,84.4,66.1,0.019,11.86,107.8,95.9,9.25
6,Texas A&M;,3,2007,26.33,114.5,88.1,65.8,-0.046,6.56,103.8,97.2,-1.47
7,Wisconsin,2,2007,24.88,110.7,85.9,65.9,0.034,8.88,104.9,96.0,2.2
8,Memphis,2,2007,24.17,110.8,86.6,71.2,0.031,4.14,102.2,98.1,5.51
9,Duke,6,2007,22.76,108.2,85.5,67.6,-0.073,12.69,107.9,95.2,7.57
10,Pittsburgh,3,2007,22.39,112.8,90.4,65.3,0.033,10.3,106.3,96.0,3.44
11,Maryland,4,2007,21.98,108.2,86.3,73.8,-0.027,9.49,105.7,96.2,0.75
12,Kentucky,8,2007,21.29,112.1,90.8,68.8,-0.029,13.9,107.7,93.8,11.2
13,Indiana,7,2007,21.16,111.1,89.9,66.7,-0.058,10.31,104.9,94.6,3.83
14,Butler,5,2007,20.93,113.1,92.2,61.0,0.015,5.04,103.0,98.0,8.59
15,Southern Illinois,4,2007,20.64,105.5,84.9,63.3,0.017,9.54,106.3,96.7,5.83
16,Michigan St.,9,2007,20.53,107.8,87.3,63.3,-0.036,10.68,106.3,95.7,3.13
17,Oregon,3,2007,20.32,114.0,93.7,67.8,0.032,7.84,104.7,96.9,-4.73
18,Louisville,6,2007,19.89,109.4,89.5,67.0,-0.045,8.97,105.0,96.1,1.34
19,Villanova,9,2007,19.72,108.3,88.6,68.9,-0.036,11.08,106.8,95.7,3.63
20,Notre Dame,6,2007,19.62,113.9,94.3,72.6,-0.018,5.2,102.7,97.5,-8.1
21,Georgia Tech,10,2007,19.19,112.7,93.5,70.2,-0.066,10.64,106.4,95.8,1.07
22,Arizona,8,2007,18.97,115.2,96.2,70.6,-0.008,12.7,107.1,94.4,12.27
23,Texas,4,2007,18.85,114.6,95.8,70.4,-0.008,7.73,104.7,96.9,0.12
24,Washington St.,3,2007,18.45,106.9,88.5,62.8,0.004,7.1,104.3,97.2,-3.57
25,Creighton,10,2007,18.2,110.0,91.8,64.7,-0.023,8.69,104.6,95.9,4.12
26,Tennessee,5,2007,17.99,112.2,94.2,73.5,0.034,11.4,107.0,95.6,4.86
27,Purdue,9,2007,17.96,106.2,88.3,68.7,0.002,10.17,106.5,96.3,3.86
28,Xavier,9,2007,17.85,112.8,95.0,68.3,-0.047,4.05,103.5,99.4,6.3
29,Illinois,12,2007,17.18,102.5,85.4,64.7,-0.016,8.9,105.2,96.3,2.9
30,Virginia Tech,5,2007,17.02,108.2,91.1,66.5,-0.004,9.97,106.4,96.5,1.45
31,Marquette,8,2007,16.76,107.2,90.4,69.7,0.009,8.74,105.1,96.4,-0.13
32,UNLV,7,2007,16.49,108.0,91.5,68.1,0.098,6.4,106.0,99.6,3.7
33,USC,5,2007,16.45,107.0,90.5,69.1,0.017,9.37,105.2,95.8,-2.09
34,Arkansas,12,2007,16.3,105.8,89.5,69.2,-0.022,10.72,106.9,96.2,4.17
35,Vanderbilt,6,2007,15.86,110.5,94.7,69.3,0.008,10.01,106.2,96.2,-0.16
36,BYU,8,2007,15.85,112.2,96.4,69.9,0.002,4.64,103.4,98.8,1.58
37,Nevada,7,2007,15.84,113.1,97.2,68.4,0.03,2.34,100.8,98.5,2.51
38,Boston College,7,2007,15.79,112.8,97.0,67.0,0.026,10.99,107.4,96.5,1.62
39,Virginia,4,2007,15.08,108.8,93.7,71.6,0.007,9.3,106.2,96.9,-0.52
40,Gonzaga,10,2007,15.0,110.1,95.1,70.3,-0.032,4.55,103.3,98.7,10.14
41,Winthrop,11,2007,14.37,107.5,93.1,66.8,0.055,-3.16,99.3,102.4,10.33
42,VCU,11,2007,14.1,111.7,97.6,67.9,0.003,0.59,100.8,100.2,0.93
43,Davidson,13,2007,13.04,107.6,94.6,74.2,0.067,-1.91,99.4,101.3,4.14
44,Old Dominion,12,2007,12.44,103.8,91.3,67.7,0.014,1.46,102.3,100.8,2.72
45,Stanford,11,2007,12.08,104.7,92.7,68.2,0.028,10.19,106.0,95.8,3.08
46,Texas Tech,10,2007,10.67,107.6,96.9,67.4,0.058,8.05,104.9,96.9,3.57
47,Oral Roberts,14,2007,8.18,102.7,94.5,68.7,-0.007,-0.6,101.3,101.9,4.04
48,Miami OH,14,2007,8.11,100.9,92.8,61.0,-0.022,3.7,102.2,98.5,5.52
49,Texas A&M; Corpus Chris,15,2007,7.64,109.7,102.1,70.8,0.058,-5.01,97.1,102.2,1.59
50,Penn,14,2007,7.46,105.0,97.5,70.5,0.048,-2.4,99.1,101.5,2.05
51,New Mexico St.,13,2007,7.21,104.3,97.1,72.5,0.036,0.76,101.2,100.5,-2.32
52,Holy Cross,13,2007,7.19,98.4,91.2,65.1,0.026,-3.66,97.8,101.5,-0.32
53,George Washington,11,2007,7.11,100.7,93.5,69.0,0.09,-0.46,101.3,101.7,-4.18
54,Wright St.,14,2007,6.57,100.5,93.9,65.0,0.137,0.23,101.9,101.7,-3.02
55,Long Beach St.,12,2007,5.23,107.8,102.5,73.8,0.111,-3.62,98.4,102.0,-3.65
56,Belmont,15,2007,4.23,102.5,98.2,68.2,0.023,-7.19,96.1,103.3,0.68
57,Albany,13,2007,2.13,102.6,100.4,66.4,0.109,-4.49,98.2,102.7,-0.89
58,North Texas,15,2007,-0.99,98.1,99.1,71.9,0.034,-6.53,98.5,105.0,-4.54
59,Central Connecticut,16,2007,-2.28,99.4,101.7,66.7,0.061,-7.61,97.0,104.7,-4.65
60,Eastern Kentucky,16,2007,-2.49,98.4,100.8,64.2,0.077,-6.74,97.7,104.4,2.46
61,Weber St.,15,2007,-2.64,98.0,100.6,68.0,0.098,-3.44,101.2,104.7,0.37
62,Niagara,16,2007,-2.77,102.6,105.3,71.7,0.119,-5.83,97.7,103.5,-4.33
63,Jackson St.,16,2007,-9.23,95.5,104.7,72.7,0.139,-11.35,91.4,102.7,2.76
64,Florida A&M;,16,2007,-9.45,95.8,105.2,70.2,0.104,-10.84,93.6,104.5,6.23
0,Florida,3,2006,27.56,113.8,86.2,69.8,-0.011,8.32,104.7,96.4,-4.71
1,Duke,1,2006,26.98,115.7,88.7,73.0,0.048,10.75,105.3,94.5,8.2
2,Texas,2,2006,25.23,113.5,88.3,67.0,0.038,8.32,103.5,95.2,2.85
3,Connecticut,1,2006,24.82,113.4,88.6,72.6,0.078,9.29,104.6,95.3,-1.45
4,Villanova,1,2006,23.98,111.7,87.7,69.1,0.081,10.75,105.3,94.6,3.94
5,Memphis,1,2006,23.01,109.1,86.1,74.6,-0.007,5.07,101.6,96.5,9.3
6,UCLA,2,2006,22.86,108.7,85.8,64.8,0.021,8.77,104.5,95.8,5.61
7,Illinois,4,2006,22.71,110.6,87.9,65.2,-0.019,7.62,103.8,96.2,-1.18
8,Kansas,4,2006,22.69,106.5,83.8,71.0,-0.043,7.19,103.6,96.5,2.89
9,North Carolina,3,2006,21.65,111.8,90.2,73.2,-0.009,9.81,105.1,95.3,2.74
10,LSU,4,2006,21.52,106.1,84.5,70.5,0.008,10.75,105.3,94.6,4.82
11,Pittsburgh,5,2006,21.19,108.4,87.2,68.2,-0.031,8.91,105.5,96.6,-2.67
12,Georgetown,7,2006,20.74,112.1,91.4,61.0,-0.026,9.4,105.0,95.6,-2.26
13,Ohio St.,2,2006,20.25,109.2,89.0,68.0,0.028,7.71,104.5,96.8,0.84
14,Washington,5,2006,19.69,111.3,91.6,73.7,0.008,6.64,103.1,96.5,-2.56
15,West Virginia,6,2006,19.1,112.7,93.6,65.1,-0.047,10.68,105.5,94.8,1.61
16,Tennessee,2,2006,18.99,113.7,94.7,73.4,0.012,9.83,105.1,95.2,2.67
17,Boston College,4,2006,18.19,113.8,95.6,65.3,0.024,7.61,104.2,96.6,-3.79
18,Arkansas,8,2006,18.07,108.5,90.4,69.6,-0.061,7.22,103.3,96.1,-0.79
19,George Mason,11,2006,17.85,106.5,88.7,65.5,0.017,3.86,102.2,98.3,1.99
20,Iowa,3,2006,17.83,100.3,82.5,67.6,0.047,8.37,105.0,96.7,1.82
21,Arizona,8,2006,16.85,108.2,91.3,71.0,-0.038,10.68,105.0,94.3,9.99
22,Kentucky,8,2006,16.68,110.7,94.0,67.3,-0.0,10.53,105.4,94.9,5.35
23,Bradley,13,2006,16.12,104.3,88.2,71.6,-0.019,6.76,102.4,95.7,-1.36
24,Michigan St.,6,2006,15.67,111.9,96.2,67.6,0.004,9.31,103.7,94.4,1.04
25,Wichita St.,7,2006,15.66,107.8,92.2,65.7,0.032,6.4,102.1,95.7,2.02
26,Northern Iowa,10,2006,15.52,105.8,90.3,62.3,-0.025,6.45,101.7,95.2,1.89
27,Texas A&M;,12,2006,15.52,102.6,87.1,66.6,-0.008,5.5,102.5,97.0,-6.75
28,North Carolina St.,10,2006,15.51,108.8,93.3,67.6,0.013,7.63,104.6,97.0,-3.62
29,Gonzaga,3,2006,15.32,114.9,99.6,70.0,0.036,5.48,102.0,96.5,9.77
30,Indiana,6,2006,15.22,106.4,91.2,69.7,-0.011,9.45,105.6,96.2,1.12
31,Marquette,7,2006,15.03,108.6,93.5,71.0,-0.011,9.28,105.8,96.5,0.79
32,Nevada,5,2006,14.8,106.0,91.2,68.9,0.025,2.57,100.9,98.4,4.05
33,Wisconsin,9,2006,14.68,108.0,93.3,68.2,-0.023,8.97,104.1,95.1,3.97
34,Air Force,13,2006,14.63,110.3,95.7,58.1,-0.001,1.44,100.1,98.6,-4.1
35,UNC Wilmington,9,2006,14.43,103.3,88.9,66.1,-0.005,1.43,100.6,99.2,-0.42
36,George Washington,8,2006,14.37,107.2,92.8,73.5,0.105,-0.32,98.5,98.9,-11.66
37,Oklahoma,6,2006,13.73,109.1,95.4,65.3,0.05,7.06,103.0,96.0,2.16
38,California,7,2006,13.39,107.0,93.6,65.0,0.021,8.55,104.3,95.8,2.84
39,Southern Illinois,11,2006,13.22,99.2,86.0,63.9,0.033,5.72,100.7,95.0,0.63
40,Syracuse,5,2006,12.86,106.0,93.1,71.6,0.077,10.22,105.2,95.0,0.72
41,San Diego St.,11,2006,12.51,109.2,96.7,69.2,0.0,2.75,100.9,98.1,-0.26
42,Xavier,14,2006,12.5,107.2,94.7,67.8,-0.066,3.06,101.1,98.0,-1.0
43,Bucknell,9,2006,12.38,102.3,89.9,64.6,0.093,-3.27,97.2,100.4,5.17
44,UAB,9,2006,12.33,105.3,93.0,71.5,0.059,1.47,98.9,97.4,1.64
45,Alabama,10,2006,12.15,109.1,96.9,66.2,0.005,10.17,105.1,94.9,5.51
46,Milwaukee,11,2006,11.59,104.6,93.0,70.7,0.017,1.53,101.8,100.2,4.06
47,Iona,13,2006,11.1,105.8,94.7,73.2,0.024,0.21,102.8,102.5,2.22
48,Utah St.,12,2006,10.59,109.3,98.8,64.7,0.026,1.95,99.9,98.0,-0.76
49,Pacific,13,2006,10.59,106.0,95.4,66.1,0.011,-1.94,99.8,101.8,0.57
50,Kent St.,12,2006,10.27,104.5,94.2,68.8,0.019,0.92,100.5,99.5,-0.64
51,Winthrop,15,2006,9.9,100.5,90.6,67.4,-0.027,-4.67,99.5,104.1,6.27
52,South Alabama,14,2006,9.04,105.4,96.4,68.8,0.057,-2.54,97.9,100.4,-4.12
53,Montana,12,2006,8.83,108.3,99.5,69.5,0.056,-0.82,100.6,101.5,-0.6
54,Seton Hall,10,2006,8.81,102.4,93.6,68.9,0.086,7.95,103.5,95.6,1.87
55,Murray St.,14,2006,8.36,100.7,92.3,66.9,0.009,-4.93,99.5,104.5,4.88
56,Northwestern St.,14,2006,7.32,103.0,95.7,70.7,0.017,-2.11,98.9,101.0,5.77
57,Penn,15,2006,7.1,98.1,91.0,67.3,-0.029,-3.98,97.5,101.5,4.7
58,Oral Roberts,16,2006,5.56,103.4,97.9,70.1,-0.034,-3.44,99.7,103.2,5.45
59,Davidson,15,2006,4.79,106.6,101.8,69.0,-0.024,-3.05,98.5,101.5,8.49
60,Albany,16,2006,2.56,102.2,99.7,66.8,0.028,-5.58,96.6,102.1,-0.96
61,Monmouth,16,2006,-0.72,92.1,92.8,67.8,0.019,-4.53,97.6,102.2,1.7
62,Belmont,15,2006,-0.73,103.6,104.3,72.1,0.025,-8.82,96.7,105.5,3.6
63,Southern,16,2006,-3.44,92.2,95.7,68.8,0.081,-8.62,93.2,101.8,8.81
64,Hampton,16,2006,-10.29,88.0,98.3,71.5,-0.056,-13.83,90.7,104.5,-8.41
0,North Carolina,1,2005,32.17,118.7,86.5,76.1,0.011,11.38,105.3,93.9,5.89
1,Illinois,1,2005,31.99,118.6,86.6,66.4,-0.007,8.05,103.8,95.8,2.51
2,Duke,1,2005,26.79,111.8,85.0,71.1,-0.002,11.44,106.4,95.0,4.02
3,Louisville,4,2005,25.23,114.9,89.7,69.3,0.046,7.24,103.3,96.1,2.19
4,Michigan St.,5,2005,25.22,116.1,90.8,69.0,-0.012,8.33,104.0,95.6,0.29
5,Oklahoma St.,2,2005,24.47,117.4,92.9,68.8,-0.015,10.05,104.9,94.8,6.18
6,Wake Forest,2,2005,24.35,120.2,95.9,71.7,0.046,10.94,105.0,94.1,6.33
7,Villanova,5,2005,24.28,110.2,85.9,69.7,-0.054,10.07,104.8,94.8,2.68
8,Kentucky,2,2005,23.65,109.6,85.9,68.6,0.031,9.34,105.0,95.6,1.23
9,Florida,4,2005,23.31,111.9,88.6,68.3,-0.027,8.06,103.8,95.8,-0.8
10,Kansas,3,2005,22.61,111.9,89.3,68.9,0.009,11.69,105.4,93.7,13.9
11,Oklahoma,3,2005,22.01,110.6,88.5,68.4,-0.005,8.35,104.5,96.1,2.61
12,Arizona,3,2005,21.79,112.6,90.8,71.3,0.027,8.5,104.8,96.3,5.41
13,Washington,1,2005,21.78,116.9,95.1,74.2,0.061,8.68,104.2,95.5,7.81
14,Connecticut,2,2005,21.39,107.5,86.2,73.2,-0.031,9.23,105.4,96.1,2.38
15,Syracuse,4,2005,20.44,110.9,90.5,69.1,0.003,7.77,104.1,96.3,-0.44
16,Wisconsin,6,2005,20.41,108.2,87.8,65.2,0.043,10.78,105.6,94.8,3.47
17,Alabama,5,2005,20.07,114.5,94.4,66.0,0.033,7.32,103.4,96.1,1.31
18,Cincinnati,7,2005,19.9,108.0,88.1,71.0,-0.005,6.71,103.4,96.7,4.24
19,Utah,6,2005,19.87,109.2,89.3,61.9,0.033,4.3,103.0,98.7,-1.29
20,Utah St.,14,2005,19.27,112.0,92.8,63.7,-0.094,-1.72,98.6,100.3,-2.26
21,Georgia Tech,5,2005,18.87,104.9,86.1,71.8,-0.037,11.31,105.8,94.5,-1.37
22,North Carolina St.,10,2005,18.48,110.9,92.4,66.8,-0.061,10.45,105.2,94.8,-0.99
23,Pittsburgh,9,2005,17.98,110.6,92.6,67.0,-0.057,7.09,103.6,96.5,-5.66
24,Boston College,4,2005,17.83,109.9,92.1,68.1,0.08,7.76,103.0,95.3,-0.24
25,Gonzaga,3,2005,17.54,115.7,98.1,69.4,0.013,3.94,100.9,97.0,3.96
26,Iowa,10,2005,16.84,107.9,91.0,70.4,-0.034,10.31,104.5,94.2,6.26
27,Texas,8,2005,16.47,109.0,92.6,70.1,-0.051,7.56,104.2,96.7,0.78
28,Southern Illinois,7,2005,16.3,104.8,88.5,66.3,0.016,5.84,103.3,97.4,3.96
29,New Mexico,12,2005,15.15,108.7,93.6,68.2,-0.001,0.65,100.6,99.9,-7.58
30,Texas Tech,6,2005,15.1,106.0,90.9,71.8,0.038,9.23,105.8,96.6,-0.9
31,Mississippi St.,9,2005,14.83,105.3,90.5,70.3,0.041,6.68,103.6,96.9,-0.65
32,West Virginia,7,2005,14.65,110.3,95.7,66.4,0.081,9.26,105.2,95.9,-4.88
33,Milwaukee,12,2005,14.38,105.9,91.5,70.6,0.079,1.57,100.8,99.2,3.76
34,George Washington,12,2005,14.09,106.2,92.2,73.0,-0.013,0.54,100.2,99.7,0.58
35,Creighton,10,2005,13.95,110.1,96.1,66.2,-0.033,4.8,101.9,97.0,0.15
36,Pacific,8,2005,13.8,110.6,96.8,66.3,0.092,0.48,99.9,99.5,1.51
37,Minnesota,8,2005,13.78,100.4,86.6,69.3,0.016,7.43,103.4,96.0,-0.13
38,LSU,6,2005,13.44,110.3,96.9,69.1,0.071,8.27,104.2,95.9,3.33
39,Vermont,13,2005,13.26,107.6,94.3,67.3,0.032,-2.06,97.2,99.3,3.11
40,Northern Iowa,11,2005,13.05,108.4,95.4,67.4,-0.035,5.44,102.5,97.1,1.54
41,Iowa St.,9,2005,12.71,99.5,86.8,69.7,0.004,7.72,104.4,96.7,0.13
42,UAB,11,2005,12.24,105.6,93.4,73.7,0.0,4.85,102.3,97.5,2.24
43,Charlotte,7,2005,11.93,107.8,95.9,72.8,0.042,3.97,101.7,97.8,-0.44
44,Nevada,9,2005,11.7,99.5,87.8,69.0,0.046,1.59,101.4,99.8,1.65
45,UTEP,11,2005,11.38,108.7,97.4,68.3,0.015,0.05,99.4,99.3,-2.4
46,UCLA,11,2005,10.53,104.4,93.8,71.8,0.036,7.47,103.8,96.3,3.09
47,Stanford,8,2005,10.46,102.2,91.7,70.2,0.048,8.25,104.2,96.0,3.87
48,Old Dominion,12,2005,9.9,101.3,91.4,68.8,0.05,-3.24,97.7,101.0,-3.89
49,Louisiana Lafayette,13,2005,9.69,103.9,94.2,69.9,0.038,2.13,101.3,99.1,7.09
50,Penn,13,2005,9.32,98.1,88.8,70.4,0.034,-1.9,98.4,100.3,2.83
51,Saint Mary's,10,2005,9.22,102.5,93.3,68.1,0.081,2.95,101.9,99.0,0.09
52,Ohio,13,2005,8.08,105.8,97.7,68.2,0.043,2.77,101.5,98.8,-4.26
53,Bucknell,14,2005,6.56,98.6,92.0,65.5,0.065,-2.43,98.0,100.4,1.19
54,Niagara,14,2005,5.34,111.8,106.4,72.7,-0.027,-3.18,98.1,101.3,0.86
55,Winthrop,14,2005,4.9,97.6,92.7,65.7,0.064,-7.43,96.3,103.7,0.07
56,Southeastern Louisiana,15,2005,3.19,93.7,90.5,63.1,0.006,-5.64,96.5,102.2,-6.07
57,Eastern Kentucky,15,2005,1.95,99.8,97.9,68.1,0.1,-4.66,98.7,103.3,-3.75
58,Chattanooga,15,2005,0.09,95.9,95.8,70.1,0.06,-3.81,97.9,101.7,2.43
59,Oakland,16,2005,-1.18,104.6,105.8,67.9,-0.023,0.82,101.3,100.4,10.38
60,UCF,15,2005,-2.5,101.5,104.0,63.3,0.067,-8.29,95.9,104.2,-2.33
61,Fairleigh Dickinson,16,2005,-2.51,98.1,100.6,71.7,-0.003,-7.71,96.3,104.0,-1.27
62,Montana,16,2005,-2.61,96.3,98.9,71.0,0.051,-4.53,97.2,101.7,2.83
63,Delaware St.,16,2005,-4.92,98.9,103.8,61.9,0.077,-8.44,93.2,101.7,4.84
64,Alabama A&M;,16,2005,-12.23,87.4,99.6,74.8,-0.021,-14.44,89.1,103.6,-1.9
0,Duke,1,2004,31.51,115.9,84.4,71.4,-0.028,12.99,106.1,93.1,4.67
1,Connecticut,2,2004,27.62,112.9,85.3,71.6,0.011,9.09,104.2,95.1,1.63
2,Saint Joseph's,1,2004,27.04,114.2,87.2,69.4,0.061,5.9,102.9,97.0,7.17
3,Oklahoma St.,2,2004,26.74,113.8,87.0,68.2,0.03,8.01,104.3,96.3,-1.95
4,Pittsburgh,3,2004,25.27,109.5,84.3,62.9,-0.028,7.36,103.3,96.0,-3.09
5,Wisconsin,6,2004,25.1,111.5,86.4,63.7,0.0,8.73,104.6,95.9,5.88
6,Gonzaga,2,2004,24.75,116.2,91.4,70.3,0.013,3.47,101.9,98.5,7.86
7,Georgia Tech,3,2004,24.06,109.1,85.1,72.9,0.008,13.24,106.9,93.7,2.0
8,North Carolina St.,3,2004,23.33,114.5,91.2,66.4,-0.071,13.13,106.1,93.0,2.37
9,Kentucky,1,2004,22.83,109.2,86.3,69.5,0.032,9.34,104.7,95.4,5.07
10,North Carolina,6,2004,22.69,112.6,89.9,74.3,-0.091,14.51,107.1,92.6,5.5
11,Stanford,1,2004,22.02,107.6,85.5,68.4,0.051,4.0,102.4,98.4,0.0
12,Illinois,5,2004,21.66,113.8,92.1,66.4,0.055,8.31,104.0,95.7,4.32
13,Wake Forest,4,2004,21.18,117.9,96.7,73.4,-0.018,13.88,106.1,92.3,3.83
14,Mississippi St.,2,2004,21.17,109.9,88.8,71.5,0.021,6.53,102.8,96.3,-1.19
15,Texas,3,2004,21.11,110.8,89.7,68.5,0.037,9.98,105.9,95.9,4.72
16,Cincinnati,4,2004,21.11,111.8,90.7,69.8,0.003,6.76,102.7,95.9,3.07
17,Kansas,4,2004,20.45,108.6,88.1,72.3,0.018,10.83,105.8,95.0,8.4
18,Louisville,10,2004,19.97,102.7,82.7,70.9,-0.078,7.8,103.8,96.0,7.03
19,Nevada,10,2004,19.79,108.0,88.2,72.0,-0.038,6.95,104.0,97.1,5.41
20,Xavier,7,2004,19.76,109.5,89.7,67.6,-0.022,7.07,103.8,96.8,4.02
21,Maryland,4,2004,19.27,106.4,87.1,74.7,-0.008,14.75,108.7,94.0,3.02
22,Vanderbilt,6,2004,18.13,108.9,90.7,68.5,-0.002,8.59,104.6,96.0,-2.82
23,Providence,5,2004,17.95,107.7,89.8,68.2,0.002,9.2,104.3,95.1,5.81
24,Florida,5,2004,17.8,111.8,94.0,69.7,-0.023,10.41,104.6,94.2,3.79
25,Seton Hall,8,2004,16.99,107.6,90.6,69.1,-0.004,8.62,103.8,95.2,1.79
26,Texas Tech,8,2004,16.65,106.6,89.9,70.4,0.01,8.97,105.2,96.2,4.27
27,Alabama,8,2004,16.02,110.4,94.4,67.7,0.005,11.66,105.6,94.0,9.19
28,Syracuse,5,2004,15.96,108.1,92.2,69.5,0.087,9.0,104.3,95.3,-0.26
29,Memphis,7,2004,15.83,107.5,91.7,69.6,0.011,6.06,102.4,96.3,4.08
30,Arizona,9,2004,15.81,113.9,98.1,76.8,-0.072,6.29,103.3,97.0,7.41
31,Western Michigan,11,2004,15.81,109.1,93.3,70.3,0.039,-0.58,99.9,100.5,-0.92
32,BYU,12,2004,15.37,108.8,93.4,68.2,0.02,6.8,104.3,97.5,5.82
33,Michigan St.,7,2004,15.29,113.0,97.7,66.7,-0.015,9.35,103.6,94.3,9.29
34,Air Force,11,2004,15.24,107.8,92.6,55.6,0.024,0.37,99.4,99.1,-10.33
35,Boston College,6,2004,15.0,106.1,91.1,65.9,0.046,7.95,102.9,94.9,0.9
36,Richmond,11,2004,14.83,102.0,87.2,65.7,-0.06,6.2,103.1,97.0,6.75
37,South Carolina,10,2004,14.7,105.4,90.7,68.3,-0.0,6.68,102.4,95.7,-5.22
38,UTEP,13,2004,14.33,108.0,93.7,71.5,0.046,4.79,100.9,96.1,-3.03
39,Southern Illinois,9,2004,13.98,104.6,90.6,69.1,0.046,2.6,101.4,98.8,2.58
40,Utah,11,2004,13.96,105.8,91.8,62.3,0.063,5.02,103.4,98.4,0.91
41,Charlotte,9,2004,13.95,108.5,94.5,73.1,0.015,5.24,101.2,95.9,2.12
42,UAB,9,2004,13.3,103.4,90.1,74.5,0.019,5.97,102.5,96.6,4.22
43,Manhattan,12,2004,13.1,104.1,91.0,69.4,0.012,-0.89,99.8,100.7,4.25
44,DePaul,7,2004,11.06,109.2,98.1,66.0,0.092,6.37,103.0,96.7,2.0
45,Washington,8,2004,10.53,108.9,98.3,76.8,0.032,5.87,102.8,96.9,2.31
46,Murray St.,12,2004,10.47,106.8,96.3,71.6,0.064,-3.69,99.4,103.1,0.78
47,Illinois Chicago,13,2004,10.2,102.7,92.5,68.1,0.037,-0.67,99.9,100.5,-2.41
48,Louisiana Lafayette,14,2004,10.08,105.5,95.4,72.0,0.006,0.49,100.0,99.5,7.94
49,Dayton,10,2004,9.67,104.4,94.7,65.4,0.085,4.5,102.6,98.1,0.17
50,VCU,13,2004,8.85,100.8,92.0,68.6,0.076,0.25,99.0,98.8,1.27
51,Pacific,12,2004,8.76,103.8,95.1,67.1,0.097,-0.01,99.8,99.8,2.95
52,Northern Iowa,14,2004,8.52,102.9,94.4,68.1,0.023,3.17,100.4,97.3,1.19
53,East Tennessee St.,13,2004,8.32,100.1,91.8,76.3,0.017,-3.04,98.4,101.4,-1.7
54,UCF,14,2004,5.72,98.6,92.8,66.5,0.089,-6.29,97.4,103.7,-5.45
55,Princeton,14,2004,4.73,102.1,97.4,60.0,0.033,-4.72,96.3,101.1,-1.28
56,Eastern Washington,15,2004,3.19,101.6,98.4,67.7,0.015,-0.97,99.4,100.4,4.12
57,Valparaiso,15,2004,0.49,95.8,95.3,73.0,0.067,-0.5,101.6,102.1,3.9
58,Vermont,15,2004,-1.33,97.2,98.6,67.2,0.114,-8.48,93.5,102.0,-5.3
59,Liberty,16,2004,-2.54,94.3,96.8,70.8,0.001,-5.62,96.8,102.4,4.16
60,Monmouth,15,2004,-3.88,93.9,97.7,69.6,0.112,-6.83,96.9,103.7,0.96
61,Lehigh,16,2004,-6.87,92.9,99.8,67.8,0.056,-11.32,91.8,103.1,-10.81
62,UTSA,16,2004,-7.47,94.0,101.5,71.9,0.102,-7.07,95.9,103.0,-3.9
63,Florida A&M;,16,2004,-9.17,94.0,103.2,74.6,0.005,-9.89,93.1,103.0,-0.79
64,Alabama St.,16,2004,-10.49,90.0,100.5,65.4,0.023,-12.28,90.7,103.0,-1.59
0,Kentucky,1,2003,28.5,112.8,84.3,70.4,0.051,11.1,105.9,94.8,7.02
1,Kansas,2,2003,28.09,111.8,83.7,75.0,-0.017,11.66,106.0,94.3,7.43
2,Pittsburgh,2,2003,27.82,110.7,82.9,68.5,-0.022,7.43,102.9,95.5,-4.94
3,Arizona,1,2003,26.35,112.3,85.9,75.8,-0.006,8.95,104.6,95.7,10.12
4,Illinois,4,2003,23.92,109.8,85.8,70.2,-0.029,7.84,103.3,95.4,-0.79
5,Duke,3,2003,23.32,111.9,88.6,73.4,-0.03,9.76,105.0,95.2,4.06
6,Texas,1,2003,23.09,115.8,92.7,72.3,-0.009,10.97,104.7,93.7,5.06
7,Syracuse,3,2003,22.74,111.1,88.4,74.1,0.083,10.47,104.0,93.5,0.8
8,Oklahoma,1,2003,22.52,108.5,85.9,65.6,0.034,10.2,104.6,94.4,2.65
9,Louisville,4,2003,22.31,112.6,90.3,74.3,-0.028,7.69,103.1,95.4,7.3
10,Florida,2,2003,21.75,112.7,90.9,68.1,0.009,8.77,103.5,94.7,1.42
11,Wisconsin,5,2003,21.65,110.8,89.2,65.0,-0.024,7.32,103.7,96.4,2.12
12,Maryland,6,2003,21.63,107.5,85.8,74.2,-0.078,9.09,104.4,95.3,-1.23
13,Mississippi St.,5,2003,21.08,104.2,83.1,67.4,-0.06,9.27,104.3,95.1,-0.27
14,Marquette,3,2003,20.84,116.5,95.6,69.2,0.07,8.48,103.7,95.2,1.95
15,Saint Joseph's,7,2003,20.42,105.5,85.1,67.4,-0.05,4.37,102.3,98.0,5.31
16,Michigan St.,7,2003,19.89,106.7,86.8,67.0,-0.05,10.87,104.9,94.1,6.47
17,Notre Dame,5,2003,19.84,112.6,92.8,73.0,0.009,11.39,104.8,93.4,6.69
18,Xavier,3,2003,19.54,110.5,91.0,70.7,0.018,5.21,102.5,97.3,5.77
19,Wake Forest,2,2003,19.47,111.4,91.9,70.5,0.073,8.39,103.5,95.2,-0.36
20,Connecticut,5,2003,19.04,107.7,88.6,74.6,0.004,9.07,104.7,95.7,-0.28
21,LSU,8,2003,17.83,108.0,90.2,69.8,-0.034,7.62,102.8,95.2,-3.81
22,Oklahoma St.,6,2003,17.33,102.3,84.9,70.0,0.003,9.78,104.0,94.3,1.53
23,BYU,12,2003,17.32,105.8,88.5,68.5,-0.031,5.88,104.9,99.1,6.16
24,Creighton,6,2003,17.25,109.3,92.0,71.2,0.025,0.81,100.5,99.7,2.54
25,Purdue,9,2003,17.21,103.8,86.6,71.9,-0.013,10.38,105.2,94.8,8.08
26,Missouri,6,2003,17.03,108.5,91.5,69.9,0.044,11.51,104.6,93.1,5.35
27,Memphis,7,2003,16.42,107.6,91.1,71.5,0.006,5.64,101.3,95.7,6.26
28,Arizona St.,10,2003,16.17,110.4,94.2,70.5,-0.014,9.31,104.0,94.7,8.18
29,Butler,12,2003,15.75,112.2,96.4,61.5,0.073,3.22,101.3,98.1,0.29
30,Gonzaga,9,2003,15.3,110.0,94.7,70.0,-0.021,3.82,101.2,97.3,6.41
31,Colorado,10,2003,15.1,106.0,90.9,72.9,0.001,9.14,104.3,95.1,0.99
32,Cincinnati,8,2003,14.43,101.8,87.4,69.1,-0.069,8.26,104.4,96.1,6.41
33,Stanford,4,2003,14.39,106.6,92.2,69.3,0.066,8.26,103.9,95.7,7.29
34,Alabama,10,2003,14.39,106.2,91.8,68.3,-0.016,10.49,104.5,94.0,5.75
35,UNC Wilmington,11,2003,14.35,106.4,92.0,67.5,-0.031,-2.99,96.4,99.4,-3.03
36,Dayton,4,2003,14.29,113.7,99.4,66.5,0.085,6.08,102.4,96.3,7.06
37,Indiana,7,2003,14.29,109.4,95.1,67.2,0.049,10.55,104.5,93.9,9.76
38,Oregon,8,2003,13.91,107.9,93.9,75.0,0.032,5.6,102.4,96.8,-1.91
39,Utah,9,2003,13.78,103.2,89.4,64.5,0.068,5.71,104.4,98.7,3.47
40,California,8,2003,13.4,106.2,92.8,69.6,0.062,7.33,104.1,96.7,2.38
41,Penn,11,2003,13.37,109.0,95.6,65.4,0.035,-1.22,98.1,99.3,4.03
42,Auburn,10,2003,13.36,104.7,91.3,69.2,0.051,9.55,104.0,94.4,-0.42
43,North Carolina St.,9,2003,12.97,108.1,95.1,67.8,-0.023,9.13,104.5,95.4,-3.14
44,Tulsa,13,2003,12.75,104.5,91.8,70.4,-0.061,1.81,100.6,98.8,5.03
45,Milwaukee,12,2003,12.7,105.4,92.7,73.7,0.025,1.69,101.8,100.1,-0.78
46,Western Kentucky,13,2003,11.55,104.9,93.4,70.1,0.036,1.73,100.8,99.0,2.19
47,Southern Illinois,11,2003,11.49,106.8,95.3,70.8,0.063,2.13,101.0,98.9,4.11
48,Holy Cross,14,2003,10.23,101.7,91.5,68.3,0.064,-6.03,96.3,102.3,-2.4
49,Central Michigan,11,2003,9.84,106.5,96.6,74.5,0.137,1.54,101.5,100.0,1.38
50,Manhattan,14,2003,9.75,102.0,92.2,71.9,0.014,-2.66,98.5,101.2,-0.71
51,Weber St.,12,2003,8.82,108.7,99.9,69.0,0.074,-1.75,97.9,99.7,0.35
52,San Diego,13,2003,8.15,101.5,93.4,73.9,0.004,2.89,101.9,99.0,4.05
53,Utah St.,15,2003,7.35,104.3,97.0,63.5,0.004,-1.75,98.6,100.3,0.99
54,Troy St.,14,2003,6.04,103.3,97.3,73.4,0.104,-5.95,96.3,102.3,-4.82
55,Colorado St.,14,2003,5.93,107.1,101.1,70.1,0.032,4.86,102.3,97.5,-0.6
56,Austin Peay,13,2003,2.64,97.6,94.9,68.0,0.172,-1.24,101.4,102.7,5.19
57,East Tennessee St.,15,2003,1.7,98.3,96.6,78.2,0.036,-2.49,99.4,101.9,2.07
58,Vermont,16,2003,1.61,98.0,96.3,67.4,0.02,-5.84,96.6,102.4,-4.09
59,Sam Houston St.,15,2003,0.83,98.5,97.6,70.1,0.088,-6.82,94.5,101.3,-2.08
60,IUPUI,16,2003,0.4,99.8,99.4,70.1,0.072,-2.98,99.4,102.4,1.21
61,Wagner,15,2003,-1.13,102.2,103.4,70.7,0.048,-7.4,96.2,103.6,0.52
62,South Carolina St.,16,2003,-8.4,93.5,101.9,74.3,0.115,-13.03,92.1,105.2,-3.85
63,Texas Southern,16,2003,-10.23,95.8,106.0,71.3,0.038,-12.02,92.1,104.2,-5.75
64,UNC Asheville,16,2003,-12.17,98.7,110.9,70.6,0.118,-6.96,95.3,102.2,7.87
0,Duke,1,2002,34.14,118.9,84.7,75.9,-0.027,10.09,107.8,97.7,7.52
1,Cincinnati,1,2002,30.15,116.0,85.9,68.6,0.002,7.45,105.2,97.8,5.41
2,Maryland,1,2002,29.24,117.2,88.0,74.7,0.025,10.32,107.9,97.6,5.12
3,Kansas,1,2002,28.95,116.7,87.8,78.4,0.023,10.75,108.8,98.1,8.91
4,Oklahoma,2,2002,26.02,113.0,87.0,68.2,0.044,9.39,107.8,98.4,2.55
5,Indiana,5,2002,24.8,112.0,87.2,66.8,-0.049,13.66,109.0,95.4,13.51
6,Florida,5,2002,24.75,113.0,88.3,70.9,-0.072,10.06,107.0,97.0,2.18
7,Illinois,4,2002,23.19,113.6,90.4,70.4,0.016,11.07,108.5,97.4,8.25
8,Oregon,2,2002,22.93,117.2,94.3,73.2,-0.041,8.62,106.8,98.1,-1.18
9,Kentucky,4,2002,22.21,111.4,89.2,69.8,-0.028,13.79,109.0,95.3,9.87
10,Marquette,5,2002,21.42,111.3,89.8,66.4,0.007,5.99,104.3,98.3,0.05
11,USC,4,2002,20.66,110.7,90.0,71.8,-0.051,9.66,107.9,98.2,1.89
12,Arizona,3,2002,20.52,117.2,96.7,73.0,0.08,14.48,109.9,95.4,18.68
13,Kent St.,10,2002,20.42,114.8,94.3,66.0,0.008,2.71,104.3,101.6,1.41
14,Stanford,8,2002,20.3,114.6,94.3,71.4,-0.02,10.55,108.7,98.2,3.71
15,Pittsburgh,3,2002,19.94,110.1,90.2,65.5,0.001,4.76,103.0,98.2,-7.05
16,Ohio St.,4,2002,19.77,114.4,94.6,67.6,0.005,8.55,105.6,97.1,2.33
17,Connecticut,2,2002,19.33,110.3,91.0,70.8,0.063,8.55,105.9,97.4,3.72
18,Notre Dame,8,2002,19.24,114.0,94.8,70.2,-0.086,7.02,103.7,96.7,-1.69
19,North Carolina St.,7,2002,19.13,111.1,92.0,69.1,0.012,8.95,107.5,98.5,-1.7
20,Alabama,2,2002,18.73,111.9,93.2,69.1,0.076,9.9,106.3,96.4,2.49
21,Xavier,7,2002,18.59,109.1,90.5,67.7,0.052,5.05,105.1,100.1,5.44
22,Gonzaga,6,2002,18.49,113.4,94.9,70.6,0.049,0.68,102.0,101.3,3.32
23,Georgia,3,2002,18.47,114.6,96.1,70.4,-0.02,10.36,106.8,96.4,4.31
24,Mississippi St.,3,2002,18.25,109.3,91.0,69.2,0.107,8.98,105.2,96.2,-0.36
25,Texas,6,2002,17.64,113.9,96.3,70.0,-0.021,10.68,107.8,97.1,7.27
26,Missouri,12,2002,17.43,114.2,96.7,71.4,-0.01,8.29,106.6,98.3,1.29
27,Wake Forest,7,2002,17.36,116.5,99.1,71.9,0.007,11.65,107.8,96.2,7.32
28,Texas Tech,6,2002,17.17,112.4,95.3,71.8,0.062,7.69,105.8,98.1,2.42
29,Michigan St.,10,2002,16.85,110.8,94.0,65.2,-0.026,11.09,107.7,96.6,5.11
30,Mississippi,9,2002,16.67,111.2,94.5,66.4,-0.04,7.9,104.7,96.8,-4.66
31,UCLA,8,2002,16.3,111.6,95.3,69.7,0.049,12.69,108.9,96.3,10.46
32,California,6,2002,16.01,107.7,91.7,68.3,0.089,9.04,106.9,97.9,-0.89
33,Miami FL,5,2002,15.77,108.3,92.5,70.6,0.017,6.57,103.9,97.4,-2.52
34,Oklahoma St.,7,2002,15.74,105.7,90.0,67.9,0.048,7.61,106.5,98.9,2.18
35,Charlotte,9,2002,15.72,112.1,96.4,68.4,-0.007,9.36,105.9,96.5,7.26
36,Tulsa,12,2002,15.59,114.0,98.4,71.0,0.001,2.52,102.4,99.8,-1.51
37,Western Kentucky,9,2002,14.5,108.3,93.8,69.0,0.06,-0.02,101.4,101.4,-0.41
38,Utah,12,2002,14.11,109.4,95.2,63.6,0.011,5.87,104.9,99.0,3.57
39,Valparaiso,13,2002,13.66,109.2,95.6,70.4,-0.031,-1.81,101.3,103.1,1.57
40,Southern Illinois,11,2002,13.46,107.1,93.6,71.5,0.035,1.64,103.4,101.8,1.98
41,Wisconsin,8,2002,13.25,108.6,95.3,64.8,0.049,10.36,107.3,97.0,8.01
42,Hawaii,10,2002,13.12,108.1,95.0,67.6,0.007,0.66,102.0,101.3,-4.81
43,Penn,11,2002,12.18,108.1,95.9,66.8,-0.018,-1.81,100.7,102.5,2.3
44,Creighton,12,2002,11.82,109.3,97.5,68.5,0.029,1.64,103.4,101.8,2.39
45,Pepperdine,10,2002,11.7,108.9,97.2,74.0,0.062,3.43,103.8,100.4,10.14
46,UNC Wilmington,13,2002,11.37,105.4,94.0,65.3,-0.002,0.52,101.5,101.0,3.85
47,Wyoming,11,2002,11.02,105.7,94.6,69.5,0.032,3.59,104.0,100.5,-4.39
48,Boston College,11,2002,9.95,107.2,97.3,70.3,0.04,7.14,104.1,97.0,-0.35
49,San Diego St.,13,2002,9.32,104.8,95.5,71.4,0.055,5.6,105.2,99.6,1.44
50,St. John's,9,2002,9.03,100.6,91.6,70.9,0.089,7.23,105.4,98.1,0.89
51,UC Santa Barbara,14,2002,8.9,106.1,97.2,64.8,-0.058,0.23,101.4,101.2,2.86
52,McNeese St.,14,2002,5.38,101.1,95.7,68.3,0.023,-5.14,97.8,102.9,7.24
53,Hampton,15,2002,3.99,107.8,103.8,70.4,0.014,-9.67,96.3,105.9,-1.9
54,Illinois Chicago,15,2002,3.88,106.9,103.0,69.2,0.04,1.5,102.3,100.8,-0.14
55,Davidson,13,2002,3.66,99.4,95.7,67.5,0.143,1.14,102.4,101.3,6.33
56,Murray St.,14,2002,1.37,104.7,103.4,71.0,0.018,-1.76,101.6,103.4,3.54
57,Central Connecticut,14,2002,0.9,98.5,97.6,66.2,0.138,-11.29,96.2,107.5,-3.19
58,Holy Cross,16,2002,-0.3,96.0,96.3,64.3,-0.048,-6.54,97.9,104.4,-3.17
59,Siena,16,2002,-1.2,98.6,99.8,68.9,-0.07,-3.9,98.7,102.6,-1.15
60,Florida Atlantic,15,2002,-2.48,97.5,100.0,71.6,0.061,-5.12,100.3,105.4,-5.36
61,Boston University,16,2002,-2.79,99.1,101.9,65.9,0.102,-9.64,95.7,105.3,-2.35
62,Montana,15,2002,-4.49,100.3,104.8,70.4,0.053,-2.12,101.6,103.7,0.67
63,Winthrop,16,2002,-5.33,95.2,100.5,68.0,0.039,-10.81,95.4,106.2,-1.4
64,Alcorn St.,16,2002,-8.69,98.1,106.8,74.2,0.097,-15.24,93.2,108.4,-2.29
